familyName,familyNameLabel
http://www.wikidata.org/entity/Q535214,King
http://www.wikidata.org/entity/Q908051,Howard
http://www.wikidata.org/entity/Q431890,Barrett
http://www.wikidata.org/entity/Q347929,Wilkinson
http://www.wikidata.org/entity/Q59853,Jones
http://www.wikidata.org/entity/Q46767,Meyer
http://www.wikidata.org/entity/Q804988,Chen
http://www.wikidata.org/entity/Q529460,Schipper
http://www.wikidata.org/entity/Q449411,Bennett
http://www.wikidata.org/entity/Q1158605,Walker
http://www.wikidata.org/entity/Q179205,Mitchell
http://www.wikidata.org/entity/Q404721,Macpherson
http://www.wikidata.org/entity/Q694764,Arnold
http://www.wikidata.org/entity/Q813701,Becker
http://www.wikidata.org/entity/Q568872,Palmer
http://www.wikidata.org/entity/Q1158882,Fisher
http://www.wikidata.org/entity/Q120401,Kennedy
http://www.wikidata.org/entity/Q343749,Milligan
http://www.wikidata.org/entity/Q790941,Barton
http://www.wikidata.org/entity/Q709747,Du
http://www.wikidata.org/entity/Q1158446,Smith
http://www.wikidata.org/entity/Q1138946,Crapp
http://www.wikidata.org/entity/Q1138248,Cox
http://www.wikidata.org/entity/Q804909,Zhang
http://www.wikidata.org/entity/Q1032817,Canavan
http://www.wikidata.org/entity/Q1017270,Busch
http://www.wikidata.org/entity/Q1158558,Chapman
http://www.wikidata.org/entity/Q1261064,Spencer
http://www.wikidata.org/entity/Q1184721,Watson
http://www.wikidata.org/entity/Q1258367,Flanagan
http://www.wikidata.org/entity/Q1308329,Murray
http://www.wikidata.org/entity/Q1158188,Bishop
http://www.wikidata.org/entity/Q1119151,Clark
http://www.wikidata.org/entity/Q945123,Lynch
http://www.wikidata.org/entity/Q669368,Gould
http://www.wikidata.org/entity/Q1260201,Singer
http://www.wikidata.org/entity/Q1158210,Fox
http://www.wikidata.org/entity/Q817365,Benjamin
http://www.wikidata.org/entity/Q1177810,Davies
http://www.wikidata.org/entity/Q1354011,Brooks
http://www.wikidata.org/entity/Q1260558,George
http://www.wikidata.org/entity/Q1688722,Williams
http://www.wikidata.org/entity/Q1158262,Russell
http://www.wikidata.org/entity/Q1437477,Holt
http://www.wikidata.org/entity/Q1471443,Whitfield
http://www.wikidata.org/entity/Q1260663,Evans
http://www.wikidata.org/entity/Q1469854,Newton
http://www.wikidata.org/entity/Q1720782,Stolle
http://www.wikidata.org/entity/Q1544042,Gray
http://www.wikidata.org/entity/Q1272686,Langer
http://www.wikidata.org/entity/Q1535961,Goldner
http://www.wikidata.org/entity/Q1546592,Griffin
http://www.wikidata.org/entity/Q1605060,Miller
http://www.wikidata.org/entity/Q1848748,Anderson
http://www.wikidata.org/entity/Q1797561,Stevens
http://www.wikidata.org/entity/Q1413324,Thomas
http://www.wikidata.org/entity/Q1215200,White
http://www.wikidata.org/entity/Q2065931,Pearson
http://www.wikidata.org/entity/Q2671214,Cook
http://www.wikidata.org/entity/Q1521106,Geyer
http://www.wikidata.org/entity/Q2553367,Webb
http://www.wikidata.org/entity/Q2167542,Rosner
http://www.wikidata.org/entity/Q1873014,Lucas
http://www.wikidata.org/entity/Q1643088,Ramos
http://www.wikidata.org/entity/Q2043243,O'Brien
http://www.wikidata.org/entity/Q2654471,Arden
http://www.wikidata.org/entity/Q2568504,McMahon
http://www.wikidata.org/entity/Q2720749,Hughes
http://www.wikidata.org/entity/Q1622107,Fink
http://www.wikidata.org/entity/Q2702454,Graham
http://www.wikidata.org/entity/Q1700760,Gardner
http://www.wikidata.org/entity/Q2364643,Sullivan
http://www.wikidata.org/entity/Q2732758,Jackson
http://www.wikidata.org/entity/Q2688708,Bowen
http://www.wikidata.org/entity/Q1794217,Cooper
http://www.wikidata.org/entity/Q1936268,Minchin
http://www.wikidata.org/entity/Q2043296,O'Connor
http://www.wikidata.org/entity/Q2691159,Edwards
http://www.wikidata.org/entity/Q2674114,Dawson
http://www.wikidata.org/entity/Q5094229,Cheung
http://www.wikidata.org/entity/Q1796980,Kühn
http://www.wikidata.org/entity/Q2665383,Campbell
http://www.wikidata.org/entity/Q2549042,Ward
http://www.wikidata.org/entity/Q2801971,Stewart
http://www.wikidata.org/entity/Q2703137,Green
http://www.wikidata.org/entity/Q2711174,Hammond
http://www.wikidata.org/entity/Q2798428,Robinson
http://www.wikidata.org/entity/Q2071244,Perkins
http://www.wikidata.org/entity/Q1974918,Neill
http://www.wikidata.org/entity/Q2658150,Baker
http://www.wikidata.org/entity/Q2526219,Villiers
http://www.wikidata.org/entity/Q5242796,Day
http://www.wikidata.org/entity/Q2694490,Ferguson
http://www.wikidata.org/entity/Q5261248,Wallace
http://www.wikidata.org/entity/Q2790265,Norton
http://www.wikidata.org/entity/Q3471405,Atkinson
http://www.wikidata.org/entity/Q5922741,Hoy
http://www.wikidata.org/entity/Q1965022,Bauer
http://www.wikidata.org/entity/Q5097948,Childe
http://www.wikidata.org/entity/Q2696422,Fraser
http://www.wikidata.org/entity/Q2662465,Black
http://www.wikidata.org/entity/Q7841177,Trickett
http://www.wikidata.org/entity/Q5693617,Heathcote
http://www.wikidata.org/entity/Q4956333,Branch
http://www.wikidata.org/entity/Q13233574,Clyne
http://www.wikidata.org/entity/Q12806950,Chernov
http://www.wikidata.org/entity/Q2754726,Lane
http://www.wikidata.org/entity/Q5195456,Mills
http://www.wikidata.org/entity/Q5877789,Hoiles
http://www.wikidata.org/entity/Q4042166,Kerr
http://www.wikidata.org/entity/Q2696075,Franklin
http://www.wikidata.org/entity/Q7428215,Savige
http://www.wikidata.org/entity/Q12790801,Hawkins
http://www.wikidata.org/entity/Q7849873,Cunningham
http://www.wikidata.org/entity/Q6489593,Larkham
http://www.wikidata.org/entity/Q2800825,Simpson
http://www.wikidata.org/entity/Q5405444,Power
http://www.wikidata.org/entity/Q14864337,Tait
http://www.wikidata.org/entity/Q5039154,Carey
http://www.wikidata.org/entity/Q11213243,Pickering
http://www.wikidata.org/entity/Q7996532,Whitlam
http://www.wikidata.org/entity/Q12804512,Turner
http://www.wikidata.org/entity/Q10816799,Sexton
http://www.wikidata.org/entity/Q7488820,Shannon
http://www.wikidata.org/entity/Q13832115,Weaver
http://www.wikidata.org/entity/Q12786498,Briggs
http://www.wikidata.org/entity/Q2780561,Montgomery
http://www.wikidata.org/entity/Q5577234,Goff
http://www.wikidata.org/entity/Q14915266,Boyd
http://www.wikidata.org/entity/Q13635636,Hancock
http://www.wikidata.org/entity/Q12678727,Young
http://www.wikidata.org/entity/Q13479473,Davidson
http://www.wikidata.org/entity/Q12020943,Hunter
http://www.wikidata.org/entity/Q15297160,Joseph
http://www.wikidata.org/entity/Q2782528,Nelson
http://www.wikidata.org/entity/Q10588869,Moore
http://www.wikidata.org/entity/Q7620512,Stosur
http://www.wikidata.org/entity/Q7508218,Siddons
http://www.wikidata.org/entity/Q13360321,Webber
http://www.wikidata.org/entity/Q15080511,Taylor
http://www.wikidata.org/entity/Q5716947,Henry
http://www.wikidata.org/entity/Q5509571,Furler
http://www.wikidata.org/entity/Q13421990,Brown
http://www.wikidata.org/entity/Q16833399,Biddulph
http://www.wikidata.org/entity/Q13570390,Morton
http://www.wikidata.org/entity/Q15789581,Boyle
http://www.wikidata.org/entity/Q15264630,Bright
http://www.wikidata.org/entity/Q12188082,James
http://www.wikidata.org/entity/Q7282736,Rafter
http://www.wikidata.org/entity/Q12794893,Lindsay
http://www.wikidata.org/entity/Q13630301,Bragg
http://www.wikidata.org/entity/Q12795967,Marshall
http://www.wikidata.org/entity/Q11111401,England
http://www.wikidata.org/entity/Q14290163,Gross
http://www.wikidata.org/entity/Q16860238,Boothby
http://www.wikidata.org/entity/Q6406550,Kilbey
http://www.wikidata.org/entity/Q13257806,Marais
http://www.wikidata.org/entity/Q16841766,Hayden
http://www.wikidata.org/entity/Q16101731,Carter
http://www.wikidata.org/entity/Q16249404,Cusack
http://www.wikidata.org/entity/Q13565117,Watt
http://www.wikidata.org/entity/Q15725864,Gardiner
http://www.wikidata.org/entity/Q16479877,Barratt
http://www.wikidata.org/entity/Q16833416,Bingley
http://www.wikidata.org/entity/Q16860207,Bolton
http://www.wikidata.org/entity/Q16860320,Brack
http://www.wikidata.org/entity/Q9014839,Freeman
http://www.wikidata.org/entity/Q16860578,Bruckner
http://www.wikidata.org/entity/Q7623589,Strickland
http://www.wikidata.org/entity/Q16870596,Hawke
http://www.wikidata.org/entity/Q16870619,Hayward
http://www.wikidata.org/entity/Q16865798,Cotter
http://www.wikidata.org/entity/Q13560477,Fallon
http://www.wikidata.org/entity/Q12792163,Janko
http://www.wikidata.org/entity/Q16865897,Crowe
http://www.wikidata.org/entity/Q16281059,Rush
http://www.wikidata.org/entity/Q16827776,Connor
http://www.wikidata.org/entity/Q16861244,Hora
http://www.wikidata.org/entity/Q12800811,Scott
http://www.wikidata.org/entity/Q15240355,Schmidt
http://www.wikidata.org/entity/Q16870850,Holman
http://www.wikidata.org/entity/Q16870300,Greer
http://www.wikidata.org/entity/Q16865963,Cuthbert
http://www.wikidata.org/entity/Q16860055,Blackburn
http://www.wikidata.org/entity/Q16451404,Gerrard
http://www.wikidata.org/entity/Q16357613,Hemsworth
http://www.wikidata.org/entity/Q16860618,Buckingham
http://www.wikidata.org/entity/Q16865734,Conway
http://www.wikidata.org/entity/Q16865773,Cornforth
http://www.wikidata.org/entity/Q16931215,Oliver
http://www.wikidata.org/entity/Q16828292,Cowen
http://www.wikidata.org/entity/Q16869738,Dyer
http://www.wikidata.org/entity/Q16883186,Shield
http://www.wikidata.org/entity/Q13377616,Bryce
http://www.wikidata.org/entity/Q16871312,Keating
http://www.wikidata.org/entity/Q16872057,Lenton
http://www.wikidata.org/entity/Q16881259,Pittman
http://www.wikidata.org/entity/Q16860571,Bruce
http://www.wikidata.org/entity/Q16869901,Farnham
http://www.wikidata.org/entity/Q16869820,Enderby
http://www.wikidata.org/entity/Q17066584,Turnbull
http://www.wikidata.org/entity/Q16931305,O'Neill
http://www.wikidata.org/entity/Q16865188,Burnet
http://www.wikidata.org/entity/Q16870134,Gates
http://www.wikidata.org/entity/Q16869767,Edge
http://www.wikidata.org/entity/Q16872408,Lockwood
http://www.wikidata.org/entity/Q16871993,Ledger
http://www.wikidata.org/entity/Q16882361,Rudd
http://www.wikidata.org/entity/Q16869520,Denton
http://www.wikidata.org/entity/Q13557324,Rice
http://www.wikidata.org/entity/Q18398084,Bernhardt
http://www.wikidata.org/entity/Q16870868,Hooker
http://www.wikidata.org/entity/Q16870181,Gibbs
http://www.wikidata.org/entity/Q16871088,Irwin
http://www.wikidata.org/entity/Q16871486,Knox
http://www.wikidata.org/entity/Q16876691,McGregor
http://www.wikidata.org/entity/Q16871923,Laver
http://www.wikidata.org/entity/Q13627772,Armstrong
http://www.wikidata.org/entity/Q16869821,Endicott
http://www.wikidata.org/entity/Q17984463,Curtin
http://www.wikidata.org/entity/Q17122937,Weir
http://www.wikidata.org/entity/Q19582298,Melville
http://www.wikidata.org/entity/Q21450988,Tozzi
http://www.wikidata.org/entity/Q16883661,Speck
http://www.wikidata.org/entity/Q16881067,Peden
http://www.wikidata.org/entity/Q17119399,Worthington
http://www.wikidata.org/entity/Q21491940,Ricketts
http://www.wikidata.org/entity/Q17994809,Luhrmann
http://www.wikidata.org/entity/Q16884656,Thorpe
http://www.wikidata.org/entity/Q15304085,French
http://www.wikidata.org/entity/Q16934725,Wrightson
http://www.wikidata.org/entity/Q19817034,Brent
http://www.wikidata.org/entity/Q15897006,Pearce
http://www.wikidata.org/entity/Q16870765,Hewett
http://www.wikidata.org/entity/Q16871926,Law
http://www.wikidata.org/entity/Q18324645,Higgie
http://www.wikidata.org/entity/Q16877335,Monk
http://www.wikidata.org/entity/Q21426045,Muscat
http://www.wikidata.org/entity/Q21450238,Wynne
http://www.wikidata.org/entity/Q16870142,Gaze
http://www.wikidata.org/entity/Q20689046,Behr
http://www.wikidata.org/entity/Q20996341,Granville
http://www.wikidata.org/entity/Q21430906,Gillard
http://www.wikidata.org/entity/Q16747244,Starling
http://www.wikidata.org/entity/Q17125773,Whiteley
http://www.wikidata.org/entity/Q21071761,Murdoch
http://www.wikidata.org/entity/Q15868032,Higgins
http://www.wikidata.org/entity/Q14915274,Fitch
http://www.wikidata.org/entity/Q20995726,Beasley
http://www.wikidata.org/entity/Q21448898,Szekeres
http://www.wikidata.org/entity/Q16090622,Wolfe
http://www.wikidata.org/entity/Q21492513,Goss
http://www.wikidata.org/entity/Q16870187,Giles
http://www.wikidata.org/entity/Q19767733,Harvey
http://www.wikidata.org/entity/Q19252439,St. James
http://www.wikidata.org/entity/Q16865451,Caulkins
http://www.wikidata.org/entity/Q16865828,Coyne
http://www.wikidata.org/entity/Q21452127,Smethurst
http://www.wikidata.org/entity/Q20996018,Court
http://www.wikidata.org/entity/Q21492328,Thrower
http://www.wikidata.org/entity/Q16865775,Cornish
http://www.wikidata.org/entity/Q21449838,Flynn
http://www.wikidata.org/entity/Q21452033,Ellis
http://www.wikidata.org/entity/Q21492608,Peers
http://www.wikidata.org/entity/Q21487329,Hewitt
http://www.wikidata.org/entity/Q16871945,Lazenby
http://www.wikidata.org/entity/Q20995742,Belcher
http://www.wikidata.org/entity/Q21448974,Cahill
http://www.wikidata.org/entity/Q21452280,Fuchsberger
http://www.wikidata.org/entity/Q21507169,Whelan
http://www.wikidata.org/entity/Q21492374,Brookes
http://www.wikidata.org/entity/Q21512143,Merriweather
http://www.wikidata.org/entity/Q28037769,Dempster
http://www.wikidata.org/entity/Q26779034,Deane
http://www.wikidata.org/entity/Q16929445,Skoko
http://www.wikidata.org/entity/Q23041455,Reid
http://www.wikidata.org/entity/Q21509432,Thurlow
http://www.wikidata.org/entity/Q21488947,Coetzee
http://www.wikidata.org/entity/Q21501619,Hutchinson
http://www.wikidata.org/entity/Q21497144,Salpeter
http://www.wikidata.org/entity/Q21489023,Noonan
http://www.wikidata.org/entity/Q21484655,Devitt
http://www.wikidata.org/entity/Q21450366,Tinney
http://www.wikidata.org/entity/Q16881491,Purcell
http://www.wikidata.org/entity/Q16884058,Sutherland
http://www.wikidata.org/entity/Q21508065,Lassila
http://www.wikidata.org/entity/Q21449596,Rees
http://www.wikidata.org/entity/Q21497471,Hoad
http://www.wikidata.org/entity/Q30126758,Jackman
http://www.wikidata.org/entity/Q18918154,Stubbs
http://www.wikidata.org/entity/Q21493814,Ganglbauer
http://www.wikidata.org/entity/Q16975961,Wake
http://www.wikidata.org/entity/Q16965278,Wald
http://www.wikidata.org/entity/Q21492109,Kidman
http://www.wikidata.org/entity/Q30315320,Buchdahl
http://www.wikidata.org/entity/Q28199867,Horner
http://www.wikidata.org/entity/Q21502212,Neumann
http://www.wikidata.org/entity/Q35933114,Seaman
http://www.wikidata.org/entity/Q21507152,Ruffo
http://www.wikidata.org/entity/Q21492100,Tobin
http://www.wikidata.org/entity/Q28819255,McKenzie
http://www.wikidata.org/entity/Q19834756,de Rossi
http://www.wikidata.org/entity/Q21493524,Vidmar
http://www.wikidata.org/entity/Q36863318,Florey
http://www.wikidata.org/entity/Q27133250,Clemens
http://www.wikidata.org/entity/Q21508590,Brabham
http://www.wikidata.org/entity/Q21493098,Hussey
http://www.wikidata.org/entity/Q37057401,Chipperfield
http://www.wikidata.org/entity/Q21507969,Stoddart
http://www.wikidata.org/entity/Q37089090,Rinehart
http://www.wikidata.org/entity/Q37243583,McInerny
http://www.wikidata.org/entity/Q37031329,Wilkenfeld
http://www.wikidata.org/entity/Q37285269,Neidhardt
http://www.wikidata.org/entity/Q37214380,Whitton
http://www.wikidata.org/entity/Q21507943,Hyland
http://www.wikidata.org/entity/Q36945916,Meares
http://www.wikidata.org/entity/Q21511164,McPartland
http://www.wikidata.org/entity/Q21508954,Griffiths
http://www.wikidata.org/entity/Q21449112,McCullough
http://www.wikidata.org/entity/Q37523007,Curley
http://www.wikidata.org/entity/Q36981220,Caird
http://www.wikidata.org/entity/Q21483073,Cureton
http://www.wikidata.org/entity/Q37067124,Cornell
http://www.wikidata.org/entity/Q37066920,Seidler
http://www.wikidata.org/entity/Q37204139,Caoili
http://www.wikidata.org/entity/Q21453033,Nunn
http://www.wikidata.org/entity/Q27357173,Cave
http://www.wikidata.org/entity/Q21258201,Menzies
http://www.wikidata.org/entity/Q37548973,Wynter
http://www.wikidata.org/entity/Q27897013,Blanchett
http://www.wikidata.org/entity/Q37444182,Liveris
http://www.wikidata.org/entity/Q27870054,Minogue
http://www.wikidata.org/entity/Q36929464,Bana
http://www.wikidata.org/entity/Q21493486,Beesley
http://www.wikidata.org/entity/Q21492941,Collette
http://www.wikidata.org/entity/Q37543502,Gerrans
http://www.wikidata.org/entity/Q37523375,Airey
http://www.wikidata.org/entity/Q21493675,Seebohm
http://www.wikidata.org/entity/Q37481627,Oppliger
http://www.wikidata.org/entity/Q37563433,Yusuf
http://www.wikidata.org/entity/Q37557661,Alexa
http://www.wikidata.org/entity/Q21482912,Byrne
http://www.wikidata.org/entity/Q37562272,Smylie
http://www.wikidata.org/entity/Q37530187,Silbermann
http://www.wikidata.org/entity/Q61121245,Tanaka
http://www.wikidata.org/entity/Q48816558,Snowsill
http://www.wikidata.org/entity/Q28215980,Greig
http://www.wikidata.org/entity/Q47008677,O'Grady
http://www.wikidata.org/entity/Q36988497,Tune
http://www.wikidata.org/entity/Q37199521,McEwen
http://www.wikidata.org/entity/Q37525388,Schwerdtfeger
http://www.wikidata.org/entity/Q121142856,Potent
http://www.wikidata.org/entity/Q36951573,Toben
http://www.wikidata.org/entity/Q55757416,A'Hearn
http://www.wikidata.org/entity/Q37570323,Amorosi
http://www.wikidata.org/entity/Q27258432,Carpani
http://www.wikidata.org/entity/Q56245053,Steggall
http://www.wikidata.org/entity/Q21508274,Strachan
http://www.wikidata.org/entity/Q658676,Cooke
http://www.wikidata.org/entity/Q27104096,Carmen
http://www.wikidata.org/entity/Q37004927,Darville
http://www.wikidata.org/entity/Q21507072,Byrnes
http://www.wikidata.org/entity/Q36953759,Tallent
http://www.wikidata.org/entity/Q36957151,Hillard
http://www.wikidata.org/entity/Q27678531,Kelley
http://www.wikidata.org/entity/Q37109202,Arena
http://www.wikidata.org/entity/Q37111233,Cilento
http://www.wikidata.org/entity/Q37159218,Ravin
http://www.wikidata.org/entity/Q37067377,Cilmi
http://www.wikidata.org/entity/Q37225076,Fadden
http://www.wikidata.org/entity/Q103831848,Ricciardo
http://www.wikidata.org/entity/Q37118857,Krok
http://www.wikidata.org/entity/Q37066416,Tonkin
http://www.wikidata.org/entity/Q37452232,Molik
http://www.wikidata.org/entity/Q37123142,Haussler
http://www.wikidata.org/entity/Q37282836,Dorigo
http://www.wikidata.org/entity/Q37034395,Staring
http://www.wikidata.org/entity/Q28820587,Rasp
http://www.wikidata.org/entity/Q29477197,Irvine
http://www.wikidata.org/entity/Q37144211,Shiff
http://www.wikidata.org/entity/Q83338754,Akdeniz
http://www.wikidata.org/entity/Q106572657,Sacharias
http://www.wikidata.org/entity/Q56537644,Barty
http://www.wikidata.org/entity/Q37439948,Scullin
http://www.wikidata.org/entity/Q111677694,Wierzbicka
http://www.wikidata.org/entity/Q36868216,Valance
http://www.wikidata.org/entity/Q813422,Beaumont
http://www.wikidata.org/entity/Q89302225,Ayris
http://www.wikidata.org/entity/Q83368390,Krausmann
http://www.wikidata.org/entity/Q37564863,Reddy
http://www.wikidata.org/entity/Q37507698,Dellacqua
http://www.wikidata.org/entity/Q37472772,Kalac
http://www.wikidata.org/entity/Q1158485,Johnson
http://www.wikidata.org/entity/Q1158452,Wood
http://www.wikidata.org/entity/Q928249,Kelly
http://www.wikidata.org/entity/Q37518132,McNab
http://www.wikidata.org/entity/Q1333689,Gregory
http://www.wikidata.org/entity/Q1231746,Dixon
http://www.wikidata.org/entity/Q37828342,Callus
http://www.wikidata.org/entity/Q1158535,Matthews
http://www.wikidata.org/entity/Q56244556,Jurgensen
http://www.wikidata.org/entity/Q55364361,Dunkley
http://www.wikidata.org/entity/Q37501466,Popper
http://www.wikidata.org/entity/Q37496843,Rosamond
http://www.wikidata.org/entity/Q64007597,Wasikowska
http://www.wikidata.org/entity/Q51954498,Chifley
http://www.wikidata.org/entity/Q47760709,Leckie
http://www.wikidata.org/entity/Q1645480,Wilson
http://www.wikidata.org/entity/Q37473367,Schuppan
http://www.wikidata.org/entity/Q37537417,Hann
http://www.wikidata.org/entity/Q37571778,Scerri
http://www.wikidata.org/entity/Q37575218,Caravella
http://www.wikidata.org/entity/Q83819900,Margolyes
http://www.wikidata.org/entity/Q1530204,Gleeson
http://www.wikidata.org/entity/Q56303830,Di Natale
http://www.wikidata.org/entity/Q1287630,Lloyd
http://www.wikidata.org/entity/Q99477308,Panagaris
http://www.wikidata.org/entity/Q88897531,Smallbone
http://www.wikidata.org/entity/Q56546765,Gavan Duffy
http://www.wikidata.org/entity/Q1751954,May
http://www.wikidata.org/entity/Q1259251,Major
http://www.wikidata.org/entity/Q123493192,Fimmel
http://www.wikidata.org/entity/Q125380156,Finning
http://www.wikidata.org/entity/Q118069880,Trofimiuk
http://www.wikidata.org/entity/Q125201970,Strahovski
http://www.wikidata.org/entity/Q112064777,Torv
http://www.wikidata.org/entity/Q57661620,Jäschke
http://www.wikidata.org/entity/Q56539745,Mandylor
http://www.wikidata.org/entity/Q61766851,Kewell
http://www.wikidata.org/entity/Q62784647,Lynkeus
http://www.wikidata.org/entity/Q2581264,Williamson
http://www.wikidata.org/entity/Q101440059,Zusak
http://www.wikidata.org/entity/Q351735,Adams
http://www.wikidata.org/entity/Q74081614,Leichhardt
http://www.wikidata.org/entity/Q87749319,Assange
http://www.wikidata.org/entity/Q973239,Hill
http://www.wikidata.org/entity/Q717763,Luo
http://www.wikidata.org/entity/Q1266539,Baxter
http://www.wikidata.org/entity/Q105223836,Viduka
http://www.wikidata.org/entity/Q99534495,Scacchi
http://www.wikidata.org/entity/Q101039631,Glasenberg
http://www.wikidata.org/entity/Q1544163,Lawrence
http://www.wikidata.org/entity/Q2780710,Morris
http://www.wikidata.org/entity/Q608991,Richards
http://www.wikidata.org/entity/Q2701900,Gordon
http://www.wikidata.org/entity/Q2700390,Gibson
http://www.wikidata.org/entity/Q1128028,Cole
http://www.wikidata.org/entity/Q1158201,Oliveira
http://www.wikidata.org/entity/Q2159662,Robertson
http://www.wikidata.org/entity/Q845104,Huang
http://www.wikidata.org/entity/Q1002298,Coleman
http://www.wikidata.org/entity/Q1099246,Clayton
http://www.wikidata.org/entity/Q130365147,Trudinger
http://www.wikidata.org/entity/Q113801188,Varoyfakhs
http://www.wikidata.org/entity/Q4886871,Benaud
http://www.wikidata.org/entity/Q1158185,Gilbert
http://www.wikidata.org/entity/Q1586017,Harper
http://www.wikidata.org/entity/Q2793334,Perry
http://www.wikidata.org/entity/Q426463,Lewis
http://www.wikidata.org/entity/Q2793828,Phillips
http://www.wikidata.org/entity/Q1739248,Kerin
http://www.wikidata.org/entity/Q1580919,Housman
http://www.wikidata.org/entity/Q4496019,Harman
http://www.wikidata.org/entity/Q6822143,Meston
http://www.wikidata.org/entity/Q6951606,Bacon
http://www.wikidata.org/entity/Q1158517,Mendoza
http://www.wikidata.org/entity/Q2109026,Preston
http://www.wikidata.org/entity/Q6501864,Kaplan
http://www.wikidata.org/entity/Q993469,Xu
http://www.wikidata.org/entity/Q1158860,Fletcher
http://www.wikidata.org/entity/Q7806811,Timms
http://www.wikidata.org/entity/Q4275617,McGuire
http://www.wikidata.org/entity/Q7942321,Vowles
http://www.wikidata.org/entity/Q1492185,Gallagher
http://www.wikidata.org/entity/Q2652654,Andrews
http://www.wikidata.org/entity/Q1773071,Nyholm
http://www.wikidata.org/entity/Q6800125,McCalman
http://www.wikidata.org/entity/Q6800340,McClenahan
http://www.wikidata.org/entity/Q5666643,Harrower
http://www.wikidata.org/entity/Q6800341,McClements
http://www.wikidata.org/entity/Q11705971,Downes
http://www.wikidata.org/entity/Q7491146,Shaw
http://www.wikidata.org/entity/Q7427629,Sauvage
http://www.wikidata.org/entity/Q7487885,Shand
http://www.wikidata.org/entity/Q7071818,O'Hea
http://www.wikidata.org/entity/Q7917436,Vause
http://www.wikidata.org/entity/Q7494313,Shenoy
http://www.wikidata.org/entity/Q2233706,Tang
http://www.wikidata.org/entity/Q6771543,Markwell
http://www.wikidata.org/entity/Q6344055,Kaberry
http://www.wikidata.org/entity/Q6801101,McEvoy
http://www.wikidata.org/entity/Q12788015,Dunn
http://www.wikidata.org/entity/Q13527733,Melling
http://www.wikidata.org/entity/Q3480758,Alda
http://www.wikidata.org/entity/Q12035675,Martin
http://www.wikidata.org/entity/Q6799895,McAlister
http://www.wikidata.org/entity/Q2665316,Cameron
http://www.wikidata.org/entity/Q13400757,Wheeler
http://www.wikidata.org/entity/Q12190384,Moran
http://www.wikidata.org/entity/Q2780711,Morrison
http://www.wikidata.org/entity/Q11703653,Schneider
http://www.wikidata.org/entity/Q12352134,Machado
http://www.wikidata.org/entity/Q13580461,Paterson
http://www.wikidata.org/entity/Q2287331,Simon
http://www.wikidata.org/entity/Q12386976,Davis
http://www.wikidata.org/entity/Q12798362,Paton
http://www.wikidata.org/entity/Q12201665,Goodwin
http://www.wikidata.org/entity/Q13553907,Mackenzie
http://www.wikidata.org/entity/Q16511256,Nielsen
http://www.wikidata.org/entity/Q7938995,Vlahov
http://www.wikidata.org/entity/Q16275786,Fairfax
http://www.wikidata.org/entity/Q8030440,Wolstencroft
http://www.wikidata.org/entity/Q15278582,Craig
http://www.wikidata.org/entity/Q2792882,Patterson
http://www.wikidata.org/entity/Q13552882,Brewer
http://www.wikidata.org/entity/Q13553506,Woods
http://www.wikidata.org/entity/Q16002427,Alderman
http://www.wikidata.org/entity/Q16876546,Mathews
http://www.wikidata.org/entity/Q16876578,Maughan
http://www.wikidata.org/entity/Q6785595,Maston
http://www.wikidata.org/entity/Q16148536,Hyde
http://www.wikidata.org/entity/Q13553584,Hobson
http://www.wikidata.org/entity/Q2803437,Thomson
http://www.wikidata.org/entity/Q20671646,Little
http://www.wikidata.org/entity/Q16865614,Clare
http://www.wikidata.org/entity/Q16876282,Main
http://www.wikidata.org/entity/Q16876476,Marsh
http://www.wikidata.org/entity/Q16860612,Buchan
http://www.wikidata.org/entity/Q4398705,Rhodes
http://www.wikidata.org/entity/Q13560450,Forrest
http://www.wikidata.org/entity/Q16275880,Frazer
http://www.wikidata.org/entity/Q6270045,Jolley
http://www.wikidata.org/entity/Q16865650,Coates
http://www.wikidata.org/entity/Q16871827,Langley
http://www.wikidata.org/entity/Q16871937,Lawton
http://www.wikidata.org/entity/Q16876719,McNeil
http://www.wikidata.org/entity/Q16869420,Dart
http://www.wikidata.org/entity/Q14648920,Reynolds
http://www.wikidata.org/entity/Q16462393,MacLeod
http://www.wikidata.org/entity/Q16161110,Alagich
http://www.wikidata.org/entity/Q16870901,Howe
http://www.wikidata.org/entity/Q16471355,Rogers
http://www.wikidata.org/entity/Q5562425,Gillow
http://www.wikidata.org/entity/Q5291008,Dominiković
http://www.wikidata.org/entity/Q11010927,Wu
http://www.wikidata.org/entity/Q16870273,Grace
http://www.wikidata.org/entity/Q16275686,Emmett
http://www.wikidata.org/entity/Q6802722,McTeigue
http://www.wikidata.org/entity/Q15860284,Lehman
http://www.wikidata.org/entity/Q16860438,Bridges
http://www.wikidata.org/entity/Q21450569,Symonds
http://www.wikidata.org/entity/Q21482671,O'Reilly
http://www.wikidata.org/entity/Q16673526,Macklin
http://www.wikidata.org/entity/Q21449778,O'Sullivan
http://www.wikidata.org/entity/Q16865307,Caldicott
http://www.wikidata.org/entity/Q16882118,Roach
http://www.wikidata.org/entity/Q16881845,Ramsay
http://www.wikidata.org/entity/Q16877018,Millen
http://www.wikidata.org/entity/Q11825166,Doyle
http://www.wikidata.org/entity/Q9145324,Hanson
http://www.wikidata.org/entity/Q16884655,Thornton
http://www.wikidata.org/entity/Q16884653,Thorne
http://www.wikidata.org/entity/Q21491791,Elmsley
http://www.wikidata.org/entity/Q7313436,Renouf
http://www.wikidata.org/entity/Q16867311,Tombs
http://www.wikidata.org/entity/Q21450674,Voges
http://www.wikidata.org/entity/Q16882952,Semler
http://www.wikidata.org/entity/Q21500595,Seymour
http://www.wikidata.org/entity/Q16865388,Carney
http://www.wikidata.org/entity/Q21492395,McDermott
http://www.wikidata.org/entity/Q20998481,Zelic
http://www.wikidata.org/entity/Q16865535,Cherry
http://www.wikidata.org/entity/Q15948279,Ough
http://www.wikidata.org/entity/Q16869884,Fairweather
http://www.wikidata.org/entity/Q21502231,Kellner
http://www.wikidata.org/entity/Q16870183,Gifford
http://www.wikidata.org/entity/Q12799360,Pratt
http://www.wikidata.org/entity/Q21489048,Pocock
http://www.wikidata.org/entity/Q12638602,Novaković
http://www.wikidata.org/entity/Q21484688,Steele
http://www.wikidata.org/entity/Q21504548,Quade
http://www.wikidata.org/entity/Q18324585,Elder
http://www.wikidata.org/entity/Q20996205,Fielding
http://www.wikidata.org/entity/Q21508621,Beattie
http://www.wikidata.org/entity/Q21449163,McGrory
http://www.wikidata.org/entity/Q16869989,Forde
http://www.wikidata.org/entity/Q16876590,Mawson
http://www.wikidata.org/entity/Q16877647,Musgrave
http://www.wikidata.org/entity/Q16870507,Harding
http://www.wikidata.org/entity/Q16878075,Nichols
http://www.wikidata.org/entity/Q16877195,Minton
http://www.wikidata.org/entity/Q16877306,Molesworth
http://www.wikidata.org/entity/Q16870376,Hackett
http://www.wikidata.org/entity/Q21491164,Jarry
http://www.wikidata.org/entity/Q16884069,Sutton
http://www.wikidata.org/entity/Q16870839,Holiday
http://www.wikidata.org/entity/Q16871310,Kearns
http://www.wikidata.org/entity/Q16876666,McCracken
http://www.wikidata.org/entity/Q16872538,Lovell
http://www.wikidata.org/entity/Q16872181,Lindsey
http://www.wikidata.org/entity/Q16872048,Lennon
http://www.wikidata.org/entity/Q16870799,Hirst
http://www.wikidata.org/entity/Q13552095,Atkins
http://www.wikidata.org/entity/Q16876697,McIntosh
http://www.wikidata.org/entity/Q27185992,Gailey
http://www.wikidata.org/entity/Q16884749,Todd
http://www.wikidata.org/entity/Q21450552,Hamilton
http://www.wikidata.org/entity/Q27183271,Abdi
http://www.wikidata.org/entity/Q16880674,O'Hare
http://www.wikidata.org/entity/Q21492126,Barnett
http://www.wikidata.org/entity/Q16881080,Pell
http://www.wikidata.org/entity/Q16883486,Snell
http://www.wikidata.org/entity/Q16883838,Sterling
http://www.wikidata.org/entity/Q16878761,Ruddock
http://www.wikidata.org/entity/Q17372457,Farah
http://www.wikidata.org/entity/Q21493113,Sulzberger
http://www.wikidata.org/entity/Q28402258,Elmslie
http://www.wikidata.org/entity/Q21513110,Freier
http://www.wikidata.org/entity/Q13573116,Chambers
http://www.wikidata.org/entity/Q36976897,MacGill
http://www.wikidata.org/entity/Q16245763,Chisholm
http://www.wikidata.org/entity/Q20163691,Gilmore
http://www.wikidata.org/entity/Q16939202,Vella
http://www.wikidata.org/entity/Q16242398,Wong
http://www.wikidata.org/entity/Q20203679,Warwick
http://www.wikidata.org/entity/Q37061347,Senden
http://www.wikidata.org/entity/Q37265052,Hopes
http://www.wikidata.org/entity/Q37075841,Mogg
http://www.wikidata.org/entity/Q20046430,McLean
http://www.wikidata.org/entity/Q36899147,Hedeman
http://www.wikidata.org/entity/Q37314238,Pretty
http://www.wikidata.org/entity/Q20827080,McDonald
http://www.wikidata.org/entity/Q15725997,Heine
http://www.wikidata.org/entity/Q16479442,Bates
http://www.wikidata.org/entity/Q16390434,Faulkner
http://www.wikidata.org/entity/Q21448954,Akhurst
http://www.wikidata.org/entity/Q21511142,McLachlan
http://www.wikidata.org/entity/Q16860468,Briscoe
http://www.wikidata.org/entity/Q16833396,Bickerton
http://www.wikidata.org/entity/Q37321031,Meale
http://www.wikidata.org/entity/Q26226402,Hines
http://www.wikidata.org/entity/Q20909553,Slattery
http://www.wikidata.org/entity/Q21936502,Gavin
http://www.wikidata.org/entity/Q21400534,Rourke
http://www.wikidata.org/entity/Q37494816,Lance
http://www.wikidata.org/entity/Q20731004,Crawford
http://www.wikidata.org/entity/Q21452249,FitzSimons
http://www.wikidata.org/entity/Q21475255,Dench
http://www.wikidata.org/entity/Q21449697,Doohan
http://www.wikidata.org/entity/Q21449086,Lavelle
http://www.wikidata.org/entity/Q26742258,Valentine
http://www.wikidata.org/entity/Q16865888,Crook
http://www.wikidata.org/entity/Q27103662,Ella
http://www.wikidata.org/entity/Q21501722,Foster
http://www.wikidata.org/entity/Q23769748,Meunier
http://www.wikidata.org/entity/Q37497150,Cress
http://www.wikidata.org/entity/Q37533074,Challender
http://www.wikidata.org/entity/Q21493102,Hynes
http://www.wikidata.org/entity/Q21453564,Evers
http://www.wikidata.org/entity/Q21484686,Rizzo
http://www.wikidata.org/entity/Q21492120,McCulloch
http://www.wikidata.org/entity/Q27266659,Spofforth
http://www.wikidata.org/entity/Q21482579,Beahan
http://www.wikidata.org/entity/Q21492023,Blackman
http://www.wikidata.org/entity/Q21491711,Hoddle
http://www.wikidata.org/entity/Q56538039,Coningham
http://www.wikidata.org/entity/Q56037322,Zoehrer
http://www.wikidata.org/entity/Q16869739,Dyke
http://www.wikidata.org/entity/Q39166567,Parnov
http://www.wikidata.org/entity/Q51999766,Rymill
http://www.wikidata.org/entity/Q21507582,Courtin
http://www.wikidata.org/entity/Q16872403,Lock
http://www.wikidata.org/entity/Q16870566,Hatch
http://www.wikidata.org/entity/Q21492692,Brophy
http://www.wikidata.org/entity/Q28193343,Frayne
http://www.wikidata.org/entity/Q28401140,Mundine
http://www.wikidata.org/entity/Q30091212,Abood
http://www.wikidata.org/entity/Q21493833,McKeon
http://www.wikidata.org/entity/Q88958803,Marshal
http://www.wikidata.org/entity/Q66587491,Monash
http://www.wikidata.org/entity/Q61855988,Tomljanović
http://www.wikidata.org/entity/Q27870088,Kickert
http://www.wikidata.org/entity/Q23835490,Schlesinger
http://www.wikidata.org/entity/Q21476592,Skubiszewski
http://www.wikidata.org/entity/Q101050738,Bisley
http://www.wikidata.org/entity/Q36941607,Kalantzis
http://www.wikidata.org/entity/Q991094,Browne
http://www.wikidata.org/entity/Q21494518,Mulcahy
http://www.wikidata.org/entity/Q23012892,Harry
http://www.wikidata.org/entity/Q37185519,Longstaff
http://www.wikidata.org/entity/Q37489346,Screen
http://www.wikidata.org/entity/Q21452268,Piccinini
http://www.wikidata.org/entity/Q37240732,Gull
http://www.wikidata.org/entity/Q25306357,Gasnier
http://www.wikidata.org/entity/Q27941229,Sironen
http://www.wikidata.org/entity/Q21502032,Menger
http://www.wikidata.org/entity/Q37006710,Putney
http://www.wikidata.org/entity/Q21509134,Mellor
http://www.wikidata.org/entity/Q21506655,Helfgott
http://www.wikidata.org/entity/Q37495188,Summerton
http://www.wikidata.org/entity/Q28549980,Philp
http://www.wikidata.org/entity/Q28039626,Burge
http://www.wikidata.org/entity/Q37518222,Genia
http://www.wikidata.org/entity/Q21491268,Ferris
http://www.wikidata.org/entity/Q27365901,McGrath
http://www.wikidata.org/entity/Q21512160,Mickle
http://www.wikidata.org/entity/Q21510996,Fredericks
http://www.wikidata.org/entity/Q29554187,Hartigan
http://www.wikidata.org/entity/Q1393924,Humphries
http://www.wikidata.org/entity/Q28793052,Dupas
http://www.wikidata.org/entity/Q21492661,Katona
http://www.wikidata.org/entity/Q29014547,Garcia
http://www.wikidata.org/entity/Q27429888,Bayliss
http://www.wikidata.org/entity/Q30524248,Elton
http://www.wikidata.org/entity/Q36941641,Wenz
http://www.wikidata.org/entity/Q37196984,Radjenovic
http://www.wikidata.org/entity/Q29533743,Ulm
http://www.wikidata.org/entity/Q37559021,Stillwell
http://www.wikidata.org/entity/Q36930889,Harbort
http://www.wikidata.org/entity/Q21491947,Marler
http://www.wikidata.org/entity/Q37525498,Kovacic
http://www.wikidata.org/entity/Q21506874,Naylor
http://www.wikidata.org/entity/Q37566179,Moar
http://www.wikidata.org/entity/Q37525857,Pigram
http://www.wikidata.org/entity/Q37063941,Gallen
http://www.wikidata.org/entity/Q28922279,Fogarty
http://www.wikidata.org/entity/Q1485942,Winter
http://www.wikidata.org/entity/Q37441623,Wigmore
http://www.wikidata.org/entity/Q21507371,Gobert
http://www.wikidata.org/entity/Q21507490,Hartnett
http://www.wikidata.org/entity/Q41785683,Colosimo
http://www.wikidata.org/entity/Q37257850,Manchester
http://www.wikidata.org/entity/Q99906960,Carapetis
http://www.wikidata.org/entity/Q111444263,Fawkner
http://www.wikidata.org/entity/Q1512877,Horvat
http://www.wikidata.org/entity/Q28745122,Kersten
http://www.wikidata.org/entity/Q379477,Hartwig
http://www.wikidata.org/entity/Q37478335,Wensley
http://www.wikidata.org/entity/Q130374241,Elmaloglou
http://www.wikidata.org/entity/Q51954543,Fairhall
http://www.wikidata.org/entity/Q36926130,Croker
http://www.wikidata.org/entity/Q36924307,Tebbutt
http://www.wikidata.org/entity/Q36879426,Kilborn
http://www.wikidata.org/entity/Q29946800,Lynes
http://www.wikidata.org/entity/Q37098638,Beachley
http://www.wikidata.org/entity/Q37123470,Susak
http://www.wikidata.org/entity/Q30078374,Eagles
http://www.wikidata.org/entity/Q76422605,Hinder
http://www.wikidata.org/entity/Q37473587,Leyden
http://www.wikidata.org/entity/Q37442520,Bullwinkel
http://www.wikidata.org/entity/Q405906,Hicks
http://www.wikidata.org/entity/Q37497532,Lowenstein
http://www.wikidata.org/entity/Q37223645,Bundock
http://www.wikidata.org/entity/Q37121323,Hachem
http://www.wikidata.org/entity/Q37496969,Salley
http://www.wikidata.org/entity/Q37524795,Tomic
http://www.wikidata.org/entity/Q36940775,Tarka
http://www.wikidata.org/entity/Q37503466,Jeffrey
http://www.wikidata.org/entity/Q37498338,Croak
http://www.wikidata.org/entity/Q36996162,Sherriff
http://www.wikidata.org/entity/Q37539698,Lawrance
http://www.wikidata.org/entity/Q37249413,Trumper
http://www.wikidata.org/entity/Q37195442,Currey
http://www.wikidata.org/entity/Q1158545,Owen
http://www.wikidata.org/entity/Q1095787,Clarke
http://www.wikidata.org/entity/Q37163062,Lasko
http://www.wikidata.org/entity/Q1762298,Holmes
http://www.wikidata.org/entity/Q2570283,Wild
http://www.wikidata.org/entity/Q37523795,Katsoulis
http://www.wikidata.org/entity/Q55759066,Stead
http://www.wikidata.org/entity/Q37528651,Jahrling
http://www.wikidata.org/entity/Q37524767,Tognetti
http://www.wikidata.org/entity/Q55042728,Redmayne
http://www.wikidata.org/entity/Q1587003,Hart
http://www.wikidata.org/entity/Q55590480,Amoore
http://www.wikidata.org/entity/Q37487792,Lindwall
http://www.wikidata.org/entity/Q37444065,Marche
http://www.wikidata.org/entity/Q48688536,Longford
http://www.wikidata.org/entity/Q56486806,Melksham
http://www.wikidata.org/entity/Q37555674,Borner
http://www.wikidata.org/entity/Q2331622,Stanley
http://www.wikidata.org/entity/Q5265065,Sharp
http://www.wikidata.org/entity/Q4646791,A'Beckett
http://www.wikidata.org/entity/Q52823435,McDermid
http://www.wikidata.org/entity/Q62554677,Rogic
http://www.wikidata.org/entity/Q1565753,Johnston
http://www.wikidata.org/entity/Q67893303,Batkovic
http://www.wikidata.org/entity/Q52984204,MacDonald
http://www.wikidata.org/entity/Q56031971,Westacott
http://www.wikidata.org/entity/Q37228445,Bligh
http://www.wikidata.org/entity/Q56244502,Logue
http://www.wikidata.org/entity/Q1591888,Hayes
http://www.wikidata.org/entity/Q1618104,Dalton
http://www.wikidata.org/entity/Q6801767,McKell
http://www.wikidata.org/entity/Q56243670,Fairhurst
http://www.wikidata.org/entity/Q368894,Haas
http://www.wikidata.org/entity/Q131417009,Birighitti
http://www.wikidata.org/entity/Q102127880,De Vanna
http://www.wikidata.org/entity/Q424325,Stevenson
http://www.wikidata.org/entity/Q901242,Dajka
http://www.wikidata.org/entity/Q56245138,Alexy
http://www.wikidata.org/entity/Q96776935,Dessaix
http://www.wikidata.org/entity/Q56449227,Gainsford-Taylor
http://www.wikidata.org/entity/Q6433235,Kosky
http://www.wikidata.org/entity/Q1624734,Holland
http://www.wikidata.org/entity/Q806825,Banks
http://www.wikidata.org/entity/Q1705356,O'Neil
http://www.wikidata.org/entity/Q1677742,Jacobsen
http://www.wikidata.org/entity/Q357139,Owens
http://www.wikidata.org/entity/Q203052,Patrick
http://www.wikidata.org/entity/Q137947198,Gofers
http://www.wikidata.org/entity/Q63452571,Kimlin
http://www.wikidata.org/entity/Q7572832,Spagnuolo
http://www.wikidata.org/entity/Q908629,Ross
http://www.wikidata.org/entity/Q7593634,St. John
http://www.wikidata.org/entity/Q598459,Miranda
http://www.wikidata.org/entity/Q125050385,Fromholtz
http://www.wikidata.org/entity/Q139898189,Younane
http://www.wikidata.org/entity/Q40386,Cullen
http://www.wikidata.org/entity/Q780883,Austin
http://www.wikidata.org/entity/Q13418278,Tucker
http://www.wikidata.org/entity/Q2659856,Beck
http://www.wikidata.org/entity/Q16479526,Ambrose
http://www.wikidata.org/entity/Q16479466,Batman
http://www.wikidata.org/entity/Q16833421,Birchall
http://www.wikidata.org/entity/Q16275054,Bonner
http://www.wikidata.org/entity/Q16860434,Bridge
http://www.wikidata.org/entity/Q15729071,Hanna
http://www.wikidata.org/entity/Q1551523,Hall
http://www.wikidata.org/entity/Q16851813,Kavanagh
http://www.wikidata.org/entity/Q16860536,Brook
http://www.wikidata.org/entity/Q4530246,Eccles
http://www.wikidata.org/entity/Q10786776,Long
http://www.wikidata.org/entity/Q1444604,Bell
http://www.wikidata.org/entity/Q1628041,Parker
http://www.wikidata.org/entity/Q1606096,Henricks
http://www.wikidata.org/entity/Q1679720,Burke
http://www.wikidata.org/entity/Q4766136,Anlezark
http://www.wikidata.org/entity/Q5699009,Heidke
http://www.wikidata.org/entity/Q5316119,Durack
http://www.wikidata.org/entity/Q16860565,Broughton
http://www.wikidata.org/entity/Q1260128,Morgan
http://www.wikidata.org/entity/Q1336196,Houston
http://www.wikidata.org/entity/Q11247279,Ford
http://www.wikidata.org/entity/Q16869996,Forsyth
http://www.wikidata.org/entity/Q1739021,Kent
http://www.wikidata.org/entity/Q1646493,Roberts
http://www.wikidata.org/entity/Q16870611,Hay
http://www.wikidata.org/entity/Q16876273,Mahon
http://www.wikidata.org/entity/Q11259438,Chandler
http://www.wikidata.org/entity/Q2648323,Allen
http://www.wikidata.org/entity/Q2603704,Zeng
http://www.wikidata.org/entity/Q2666084,Carroll
http://www.wikidata.org/entity/Q12657428,Jensen
http://www.wikidata.org/entity/Q16876701,McKenna
http://www.wikidata.org/entity/Q16865905,Crump
http://www.wikidata.org/entity/Q1953798,Murphy
http://www.wikidata.org/entity/Q2543157,van den Berg
http://www.wikidata.org/entity/Q12786548,Browning
http://www.wikidata.org/entity/Q16880666,Ogilvy
http://www.wikidata.org/entity/Q16884106,Sweet
http://www.wikidata.org/entity/Q2658113,Bailey
http://www.wikidata.org/entity/Q1724227,Rose
http://www.wikidata.org/entity/Q16883888,Storm
http://www.wikidata.org/entity/Q2780460,Monroe
http://www.wikidata.org/entity/Q2712864,Harrison
http://www.wikidata.org/entity/Q18209569,Osman
http://www.wikidata.org/entity/Q16881110,Pepper
http://www.wikidata.org/entity/Q16880709,Oliphant
http://www.wikidata.org/entity/Q16883494,Snyder
http://www.wikidata.org/entity/Q2664624,Butler
http://www.wikidata.org/entity/Q14704293,Leonard
http://www.wikidata.org/entity/Q2716369,Henderson
http://www.wikidata.org/entity/Q18809734,Neville
http://www.wikidata.org/entity/Q15727828,Stephenson
http://www.wikidata.org/entity/Q2677358,Douglas
http://www.wikidata.org/entity/Q17516276,Márkus
http://www.wikidata.org/entity/Q21492110,Mansell
http://www.wikidata.org/entity/Q15788891,Blake
http://www.wikidata.org/entity/Q2658970,Barnes
http://www.wikidata.org/entity/Q16865171,Burch
http://www.wikidata.org/entity/Q21491650,Mottram
http://www.wikidata.org/entity/Q15616677,Buchanan
http://www.wikidata.org/entity/Q4344508,Pan
http://www.wikidata.org/entity/Q5189265,Crowley
http://www.wikidata.org/entity/Q5458332,Fleay
http://www.wikidata.org/entity/Q5610255,Groom
http://www.wikidata.org/entity/Q21492438,Morwood
http://www.wikidata.org/entity/Q5908100,Hosking
http://www.wikidata.org/entity/Q16479864,Annan
http://www.wikidata.org/entity/Q21501431,Bass
http://www.wikidata.org/entity/Q16870144,Geddes
http://www.wikidata.org/entity/Q16869667,Drayton
http://www.wikidata.org/entity/Q21508742,Muggeridge
http://www.wikidata.org/entity/Q21507730,Pugh
http://www.wikidata.org/entity/Q16872535,Lovejoy
http://www.wikidata.org/entity/Q16881317,Pollard
http://www.wikidata.org/entity/Q16870847,Holloway
http://www.wikidata.org/entity/Q6582834,Brennan
http://www.wikidata.org/entity/Q7941452,Von Hoff
http://www.wikidata.org/entity/Q21508165,Waugh
http://www.wikidata.org/entity/Q5286562,Dobell
http://www.wikidata.org/entity/Q12783920,Abram
http://www.wikidata.org/entity/Q5686797,Hayler
http://www.wikidata.org/entity/Q16888944,Vinson
http://www.wikidata.org/entity/Q27257216,Barcza
http://www.wikidata.org/entity/Q21504729,Askin
http://www.wikidata.org/entity/Q26736556,Purdy
http://www.wikidata.org/entity/Q8033897,Woolnough
http://www.wikidata.org/entity/Q21512221,Monahan
http://www.wikidata.org/entity/Q14915269,Carr
http://www.wikidata.org/entity/Q32856322,Thwaites
http://www.wikidata.org/entity/Q12787151,Cumming
http://www.wikidata.org/entity/Q7608515,Stephen
http://www.wikidata.org/entity/Q7157731,Peacock
http://www.wikidata.org/entity/Q6801863,McKern
http://www.wikidata.org/entity/Q16883905,Stratton
http://www.wikidata.org/entity/Q13560071,Savage
http://www.wikidata.org/entity/Q12784464,Ames
http://www.wikidata.org/entity/Q17045361,Wiggins
http://www.wikidata.org/entity/Q18610168,Lincoln
http://www.wikidata.org/entity/Q36903084,Swaby
http://www.wikidata.org/entity/Q18630522,Schlanger
http://www.wikidata.org/entity/Q7569068,Southall
http://www.wikidata.org/entity/Q20995571,Abney-Hastings
http://www.wikidata.org/entity/Q12794688,Lee
http://www.wikidata.org/entity/Q18808411,Egerton
http://www.wikidata.org/entity/Q15785662,Bartlett
http://www.wikidata.org/entity/Q16833671,Dreyfus
http://www.wikidata.org/entity/Q16739816,Hoar
http://www.wikidata.org/entity/Q36863495,Oar
http://www.wikidata.org/entity/Q16869720,Dunstan
http://www.wikidata.org/entity/Q16869414,Dark
http://www.wikidata.org/entity/Q21446653,Donovan
http://www.wikidata.org/entity/Q21488342,Kemp
http://www.wikidata.org/entity/Q16276021,Goldsworthy
http://www.wikidata.org/entity/Q21507777,Hawkes
http://www.wikidata.org/entity/Q16275152,Candy
http://www.wikidata.org/entity/Q36930743,Jozsa
http://www.wikidata.org/entity/Q15829860,Nilsson
http://www.wikidata.org/entity/Q21484852,McLaren
http://www.wikidata.org/entity/Q16865303,Caldecott
http://www.wikidata.org/entity/Q37247495,Flannery
http://www.wikidata.org/entity/Q37097825,Sotiropoulos
http://www.wikidata.org/entity/Q16869808,Elkington
http://www.wikidata.org/entity/Q37002681,Hopman
http://www.wikidata.org/entity/Q27106112,Smyth
http://www.wikidata.org/entity/Q25114290,Bursill
http://www.wikidata.org/entity/Q16243195,Barclay
http://www.wikidata.org/entity/Q16869951,Fish
http://www.wikidata.org/entity/Q16870357,Gunn
http://www.wikidata.org/entity/Q16882943,Sellers
http://www.wikidata.org/entity/Q37472035,Juric
http://www.wikidata.org/entity/Q16870845,Hollingworth
http://www.wikidata.org/entity/Q16871386,Kilkenny
http://www.wikidata.org/entity/Q21510375,Burmeister
http://www.wikidata.org/entity/Q28648920,Astley
http://www.wikidata.org/entity/Q28404076,Coopes
http://www.wikidata.org/entity/Q16844138,Hogan
http://www.wikidata.org/entity/Q20995855,Bobridge
http://www.wikidata.org/entity/Q16869600,Dodd
http://www.wikidata.org/entity/Q18643472,Kenny
http://www.wikidata.org/entity/Q56246056,Slessor
http://www.wikidata.org/entity/Q65769135,Terwiel
http://www.wikidata.org/entity/Q56423340,Hackwill
http://www.wikidata.org/entity/Q56435848,Tingwell
http://www.wikidata.org/entity/Q65064066,Lillicrap
http://www.wikidata.org/entity/Q37555441,Zullo
http://www.wikidata.org/entity/Q47454447,Chappell
http://www.wikidata.org/entity/Q37574415,Kah
http://www.wikidata.org/entity/Q21430919,Jarman
http://www.wikidata.org/entity/Q30081935,Magnussen
http://www.wikidata.org/entity/Q27924630,Lapierre
http://www.wikidata.org/entity/Q16870194,Gilroy
http://www.wikidata.org/entity/Q21492868,Chauvel
http://www.wikidata.org/entity/Q21431135,Gill
http://www.wikidata.org/entity/Q16883671,Spence
http://www.wikidata.org/entity/Q16878079,Nickel
http://www.wikidata.org/entity/Q76425618,de Castella
http://www.wikidata.org/entity/Q114050485,Amini
http://www.wikidata.org/entity/Q114568315,Jezeršek
http://www.wikidata.org/entity/Q119553313,Dossor
http://www.wikidata.org/entity/Q84041436,Konta
http://www.wikidata.org/entity/Q36988634,Bradtke
http://www.wikidata.org/entity/Q47763216,Cester
http://www.wikidata.org/entity/Q20726826,Hargrave
http://www.wikidata.org/entity/Q21449748,Kruse
http://www.wikidata.org/entity/Q21487489,Garrett
http://www.wikidata.org/entity/Q21492142,Rožić
http://www.wikidata.org/entity/Q17143287,Welsh
http://www.wikidata.org/entity/Q36953898,Mitcham
http://www.wikidata.org/entity/Q37160818,Galvez
http://www.wikidata.org/entity/Q21494570,Foord
http://www.wikidata.org/entity/Q36998955,Glanville
http://www.wikidata.org/entity/Q16876684,McGillivray
http://www.wikidata.org/entity/Q16870912,Huddart
http://www.wikidata.org/entity/Q21494290,Hamlin
http://www.wikidata.org/entity/Q16877017,Millard
http://www.wikidata.org/entity/Q16870267,Gower
http://www.wikidata.org/entity/Q16883455,Small
http://www.wikidata.org/entity/Q16870718,Herbert
http://www.wikidata.org/entity/Q21449853,McNamee
http://www.wikidata.org/entity/Q37224621,Kats
http://www.wikidata.org/entity/Q21450578,de Haas
http://www.wikidata.org/entity/Q25114859,Bliss
http://www.wikidata.org/entity/Q25343318,Morice
http://www.wikidata.org/entity/Q37285121,Bootes
http://www.wikidata.org/entity/Q37467419,Selfe
http://www.wikidata.org/entity/Q21492754,Bullen
http://www.wikidata.org/entity/Q21491411,Baillieu
http://www.wikidata.org/entity/Q808994,Barry
http://www.wikidata.org/entity/Q21507048,Bulut
http://www.wikidata.org/entity/Q22662670,Moriarty
http://www.wikidata.org/entity/Q17149756,Willis
http://www.wikidata.org/entity/Q18349792,Holdsworth
http://www.wikidata.org/entity/Q16931637,Lyons
http://www.wikidata.org/entity/Q1158382,Fuller
http://www.wikidata.org/entity/Q37234682,Safe
http://www.wikidata.org/entity/Q37511637,Jaques
http://www.wikidata.org/entity/Q37477424,Edgley
http://www.wikidata.org/entity/Q21449457,Lowndes
http://www.wikidata.org/entity/Q37511384,Carrigan
http://www.wikidata.org/entity/Q28553124,Jamieson
http://www.wikidata.org/entity/Q21507779,Hayman
http://www.wikidata.org/entity/Q21489101,Wills
http://www.wikidata.org/entity/Q21484612,Coady
http://www.wikidata.org/entity/Q21491435,Norman
http://www.wikidata.org/entity/Q21507592,Crosbie
http://www.wikidata.org/entity/Q21510365,Landy
http://www.wikidata.org/entity/Q37515954,MacKillop
http://www.wikidata.org/entity/Q37568024,Chernin
http://www.wikidata.org/entity/Q43176564,Dokić
http://www.wikidata.org/entity/Q21492976,Hanlon
http://www.wikidata.org/entity/Q37559409,Camplin
http://www.wikidata.org/entity/Q23038735,Donati
http://www.wikidata.org/entity/Q28870111,Porte
http://www.wikidata.org/entity/Q29422451,Rowley
http://www.wikidata.org/entity/Q28812109,Worth
http://www.wikidata.org/entity/Q1427982,Fleming
http://www.wikidata.org/entity/Q28054963,Neve
http://www.wikidata.org/entity/Q55035399,Buttsworth
http://www.wikidata.org/entity/Q24232662,Slater
http://www.wikidata.org/entity/Q49525030,Funder
http://www.wikidata.org/entity/Q21493662,Windon
http://www.wikidata.org/entity/Q55248022,Kellerman
http://www.wikidata.org/entity/Q37026178,Choo
http://www.wikidata.org/entity/Q36991518,Poon
http://www.wikidata.org/entity/Q28934699,Newbery
http://www.wikidata.org/entity/Q28968047,Spooner
http://www.wikidata.org/entity/Q21502034,Warner
http://www.wikidata.org/entity/Q50821053,Sproxton
http://www.wikidata.org/entity/Q36975506,Woolls
http://www.wikidata.org/entity/Q1535908,Goldman
http://www.wikidata.org/entity/Q29530473,Peel
http://www.wikidata.org/entity/Q27257614,Boon
http://www.wikidata.org/entity/Q21507694,McLennan
http://www.wikidata.org/entity/Q656179,Samuel
http://www.wikidata.org/entity/Q37154665,Mammone
http://www.wikidata.org/entity/Q136724701,Ebbern
http://www.wikidata.org/entity/Q112063609,Colloca
http://www.wikidata.org/entity/Q36898990,Porta
http://www.wikidata.org/entity/Q30435610,Windle
http://www.wikidata.org/entity/Q47514987,Rodionova
http://www.wikidata.org/entity/Q37113142,Chauncy
http://www.wikidata.org/entity/Q28814210,Eggleston
http://www.wikidata.org/entity/Q29614222,Garner
http://www.wikidata.org/entity/Q37504024,Shillington
http://www.wikidata.org/entity/Q36948686,Orner
http://www.wikidata.org/entity/Q36929101,Cronk
http://www.wikidata.org/entity/Q37440337,Newson
http://www.wikidata.org/entity/Q36924077,Millward
http://www.wikidata.org/entity/Q37470275,Breeze
http://www.wikidata.org/entity/Q83354033,Gülüm
http://www.wikidata.org/entity/Q2085453,Phelan
http://www.wikidata.org/entity/Q37155457,Vanda
http://www.wikidata.org/entity/Q37510569,Jukic
http://www.wikidata.org/entity/Q37306124,Fitzgibbon
http://www.wikidata.org/entity/Q37095584,Buderus
http://www.wikidata.org/entity/Q37306895,Towers
http://www.wikidata.org/entity/Q37514905,Mussett
http://www.wikidata.org/entity/Q37262647,Standen
http://www.wikidata.org/entity/Q37236820,Sieben
http://www.wikidata.org/entity/Q106118638,Karvan
http://www.wikidata.org/entity/Q37516702,Winchester
http://www.wikidata.org/entity/Q36998087,Blanch
http://www.wikidata.org/entity/Q827140,Berry
http://www.wikidata.org/entity/Q37454728,Mockridge
http://www.wikidata.org/entity/Q805107,Ball
http://www.wikidata.org/entity/Q37532287,Badran
http://www.wikidata.org/entity/Q37525884,Guse
http://www.wikidata.org/entity/Q2564123,West
http://www.wikidata.org/entity/Q37507890,Mellet
http://www.wikidata.org/entity/Q52423202,Playford
http://www.wikidata.org/entity/Q37536624,Nicdao
http://www.wikidata.org/entity/Q37573448,Getzler
http://www.wikidata.org/entity/Q37553376,Mumm
http://www.wikidata.org/entity/Q2803433,Thompson
http://www.wikidata.org/entity/Q47006698,Rummukainen
http://www.wikidata.org/entity/Q37539101,Baldock
http://www.wikidata.org/entity/Q56245528,Uzunlar
http://www.wikidata.org/entity/Q50285502,Aldridge
http://www.wikidata.org/entity/Q56540029,Newley
http://www.wikidata.org/entity/Q47493065,Ostenfeld
http://www.wikidata.org/entity/Q63731329,Galekovic
http://www.wikidata.org/entity/Q56027981,Witcombe
http://www.wikidata.org/entity/Q55644597,Wilderspin
http://www.wikidata.org/entity/Q53089458,Bundey
http://www.wikidata.org/entity/Q65076063,Roxon
http://www.wikidata.org/entity/Q5353975,Elderkin
http://www.wikidata.org/entity/Q5508312,Fullilove
http://www.wikidata.org/entity/Q74137410,Joske
http://www.wikidata.org/entity/Q65263479,Paartalu
http://www.wikidata.org/entity/Q118358767,Ifield
http://www.wikidata.org/entity/Q5259837,Denyer
http://www.wikidata.org/entity/Q83500792,Konrads
http://www.wikidata.org/entity/Q116024928,Lindrum
http://www.wikidata.org/entity/Q1777139,Knight
http://www.wikidata.org/entity/Q58240412,Throsby
http://www.wikidata.org/entity/Q63978307,Mackay
http://www.wikidata.org/entity/Q56282557,Hasluck
http://www.wikidata.org/entity/Q2617039,Klaassen
http://www.wikidata.org/entity/Q4151606,Goodman
http://www.wikidata.org/entity/Q56397847,Faletic
http://www.wikidata.org/entity/Q55609216,de Heer
http://www.wikidata.org/entity/Q102127875,Garriock
http://www.wikidata.org/entity/Q115058368,van Egmond
http://www.wikidata.org/entity/Q122965945,Permana
http://www.wikidata.org/entity/Q5582425,Good
http://www.wikidata.org/entity/Q224301,Hoffman
http://www.wikidata.org/entity/Q124967937,Borodulina
http://www.wikidata.org/entity/Q101039611,Giurgola
http://www.wikidata.org/entity/Q59347127,Dupain
http://www.wikidata.org/entity/Q10859343,Harris
http://www.wikidata.org/entity/Q140196892,Wincer
http://www.wikidata.org/entity/Q4327710,Knowles
http://www.wikidata.org/entity/Q689963,Armytage
http://www.wikidata.org/entity/Q914279,Foley
http://www.wikidata.org/entity/Q12431683,Diamond
http://www.wikidata.org/entity/Q98112504,Cudlin
http://www.wikidata.org/entity/Q4937655,Bogle
http://www.wikidata.org/entity/Q674660,Arlauskas
http://www.wikidata.org/entity/Q124307283,Na
http://www.wikidata.org/entity/Q1158566,Jacobs
http://www.wikidata.org/entity/Q13571989,Randolph
http://www.wikidata.org/entity/Q107443655,Manu
http://www.wikidata.org/entity/Q106766675,Buvelot
http://www.wikidata.org/entity/Q7133246,Papworth
http://www.wikidata.org/entity/Q7076539,Ockenden
http://www.wikidata.org/entity/Q14915264,Bird
http://www.wikidata.org/entity/Q1791084,Collins
http://www.wikidata.org/entity/Q16839852,Grady
http://www.wikidata.org/entity/Q16531101,Barbieri
http://www.wikidata.org/entity/Q16251564,Devlin
http://www.wikidata.org/entity/Q16865420,Cash
http://www.wikidata.org/entity/Q2266504,Seidel
http://www.wikidata.org/entity/Q2227672,Saunders
http://www.wikidata.org/entity/Q16479390,Appleby
http://www.wikidata.org/entity/Q2539239,Wagner
http://www.wikidata.org/entity/Q16869946,Finn
http://www.wikidata.org/entity/Q13553861,Lawson
http://www.wikidata.org/entity/Q16869970,Flood
http://www.wikidata.org/entity/Q16275119,Burgess
http://www.wikidata.org/entity/Q16870814,Hocking
http://www.wikidata.org/entity/Q16870889,Horsburgh
http://www.wikidata.org/entity/Q2672029,Cross
http://www.wikidata.org/entity/Q17040982,Vos
http://www.wikidata.org/entity/Q16870892,Horsley
http://www.wikidata.org/entity/Q16876329,Malone
http://www.wikidata.org/entity/Q16876713,McMillan
http://www.wikidata.org/entity/Q16865654,Cobby
http://www.wikidata.org/entity/Q16881170,Phelps
http://www.wikidata.org/entity/Q17311977,Blaha
http://www.wikidata.org/entity/Q16871318,Keen
http://www.wikidata.org/entity/Q20727244,Woodward
http://www.wikidata.org/entity/Q2779549,Middleton
http://www.wikidata.org/entity/Q2712367,Hansen
http://www.wikidata.org/entity/Q18755447,Dennis
http://www.wikidata.org/entity/Q4925319,Blasko
http://www.wikidata.org/entity/Q16879919,Senior
http://www.wikidata.org/entity/Q7603567,Atwell
http://www.wikidata.org/entity/Q6076324,Pinto
http://www.wikidata.org/entity/Q4523552,Shi
http://www.wikidata.org/entity/Q4280567,Munro
http://www.wikidata.org/entity/Q7830161,Townsend
http://www.wikidata.org/entity/Q16880869,Oxley
http://www.wikidata.org/entity/Q2782021,Napier
http://www.wikidata.org/entity/Q16880768,Orchard
http://www.wikidata.org/entity/Q16877148,Milne
http://www.wikidata.org/entity/Q21428344,McGowan
http://www.wikidata.org/entity/Q19604207,Holder
http://www.wikidata.org/entity/Q10540111,Jiang
http://www.wikidata.org/entity/Q6799997,McAuley
http://www.wikidata.org/entity/Q2791874,Otto
http://www.wikidata.org/entity/Q21448554,Perron
http://www.wikidata.org/entity/Q21449273,Diamantopoulos
http://www.wikidata.org/entity/Q21449363,Hoskins
http://www.wikidata.org/entity/Q12785806,Bertrand
http://www.wikidata.org/entity/Q21483047,Cotterill
http://www.wikidata.org/entity/Q20996497,Hillcoat
http://www.wikidata.org/entity/Q21484983,Dwyer
http://www.wikidata.org/entity/Q21489066,Ashley-Cooper
http://www.wikidata.org/entity/Q21449582,Mullen
http://www.wikidata.org/entity/Q12799535,Prior
http://www.wikidata.org/entity/Q12673531,Spears
http://www.wikidata.org/entity/Q12787162,Curtis
http://www.wikidata.org/entity/Q13552156,Button
http://www.wikidata.org/entity/Q21492113,Clancy
http://www.wikidata.org/entity/Q4917117,Birtles
http://www.wikidata.org/entity/Q21491733,McCusker
http://www.wikidata.org/entity/Q7547521,Snedden
http://www.wikidata.org/entity/Q21492398,Gosse
http://www.wikidata.org/entity/Q21493150,Thiele
http://www.wikidata.org/entity/Q21491918,Mahony
http://www.wikidata.org/entity/Q21491242,Agostini
http://www.wikidata.org/entity/Q21508448,Sanderson
http://www.wikidata.org/entity/Q6802417,McMurray
http://www.wikidata.org/entity/Q12790046,Gomboc
http://www.wikidata.org/entity/Q21494095,Mollison
http://www.wikidata.org/entity/Q15909653,Renshaw
http://www.wikidata.org/entity/Q6302457,Judge
http://www.wikidata.org/entity/Q13553878,Lamb
http://www.wikidata.org/entity/Q22815393,Lowe
http://www.wikidata.org/entity/Q27037178,Bainbridge
http://www.wikidata.org/entity/Q24081470,Klimek
http://www.wikidata.org/entity/Q28750716,Jurman
http://www.wikidata.org/entity/Q12790756,Hardy
http://www.wikidata.org/entity/Q16275014,Bean
http://www.wikidata.org/entity/Q16479702,Ashton
http://www.wikidata.org/entity/Q31212717,Villani
http://www.wikidata.org/entity/Q13553571,Gale
http://www.wikidata.org/entity/Q13554349,Aldrich
http://www.wikidata.org/entity/Q15138573,Lord
http://www.wikidata.org/entity/Q27185681,Rickard
http://www.wikidata.org/entity/Q16860340,Braithwaite
http://www.wikidata.org/entity/Q16801961,Plimsoll
http://www.wikidata.org/entity/Q16275858,Forbes
http://www.wikidata.org/entity/Q27208296,Farrow
http://www.wikidata.org/entity/Q12806242,Wakefield
http://www.wikidata.org/entity/Q13557582,Snow
http://www.wikidata.org/entity/Q28176572,Noyce
http://www.wikidata.org/entity/Q37175522,Kukla
http://www.wikidata.org/entity/Q16276437,Harwood
http://www.wikidata.org/entity/Q16739722,Bourke
http://www.wikidata.org/entity/Q13570642,Kane
http://www.wikidata.org/entity/Q16869782,Ehlers
http://www.wikidata.org/entity/Q16882049,Rich
http://www.wikidata.org/entity/Q16883460,Smart
http://www.wikidata.org/entity/Q16865719,Condon
http://www.wikidata.org/entity/Q37208076,Bashir
http://www.wikidata.org/entity/Q16479685,Ashby
http://www.wikidata.org/entity/Q16279320,Melrose
http://www.wikidata.org/entity/Q28752868,Swann
http://www.wikidata.org/entity/Q37015944,Shearer
http://www.wikidata.org/entity/Q37181743,Attwood
http://www.wikidata.org/entity/Q14193538,Aitken
http://www.wikidata.org/entity/Q37479017,Millo
http://www.wikidata.org/entity/Q37265868,Panichi
http://www.wikidata.org/entity/Q28870294,Titheradge
http://www.wikidata.org/entity/Q16880515,Norris
http://www.wikidata.org/entity/Q16877480,Mould
http://www.wikidata.org/entity/Q16878076,Nicholson
http://www.wikidata.org/entity/Q16870302,Gresham
http://www.wikidata.org/entity/Q16865309,Caldwell
http://www.wikidata.org/entity/Q13725587,Mayer
http://www.wikidata.org/entity/Q16883913,Street
http://www.wikidata.org/entity/Q15073888,Kroupa
http://www.wikidata.org/entity/Q56435611,de Kretser
http://www.wikidata.org/entity/Q56436141,Francis-Bruce
http://www.wikidata.org/entity/Q83351629,Glaessner
http://www.wikidata.org/entity/Q18070771,Nicholas
http://www.wikidata.org/entity/Q16872373,Livingston
http://www.wikidata.org/entity/Q99911171,Pullin
http://www.wikidata.org/entity/Q56245043,Scrymgeour
http://www.wikidata.org/entity/Q17125816,Vickers
http://www.wikidata.org/entity/Q16871142,Jarvis
http://www.wikidata.org/entity/Q16146544,Acton
http://www.wikidata.org/entity/Q16865747,Corbett
http://www.wikidata.org/entity/Q122925814,Scandolera
http://www.wikidata.org/entity/Q16865964,Cutler
http://www.wikidata.org/entity/Q16825265,Sim
http://www.wikidata.org/entity/Q29884273,Leadbeater
http://www.wikidata.org/entity/Q36866893,Hazlehurst
http://www.wikidata.org/entity/Q19768404,Courtney
http://www.wikidata.org/entity/Q21452146,Jolliffe
http://www.wikidata.org/entity/Q18645215,Agostino
http://www.wikidata.org/entity/Q16869904,Farrar
http://www.wikidata.org/entity/Q101015249,Dundović
http://www.wikidata.org/entity/Q16869940,Finch
http://www.wikidata.org/entity/Q16865547,Chew
http://www.wikidata.org/entity/Q16913566,Wearing
http://www.wikidata.org/entity/Q16869893,Fanning
http://www.wikidata.org/entity/Q16875925,Ludlam
http://www.wikidata.org/entity/Q16883923,Stretton
http://www.wikidata.org/entity/Q28946499,Wickham
http://www.wikidata.org/entity/Q819509,Bergen
http://www.wikidata.org/entity/Q37015032,Petroni
http://www.wikidata.org/entity/Q37009700,Comerford
http://www.wikidata.org/entity/Q21452368,Patten
http://www.wikidata.org/entity/Q16871334,Kendall
http://www.wikidata.org/entity/Q16882268,Rooney
http://www.wikidata.org/entity/Q21452384,McGee
http://www.wikidata.org/entity/Q16977645,Wylie
http://www.wikidata.org/entity/Q37498353,Ciriello
http://www.wikidata.org/entity/Q19607241,Franks
http://www.wikidata.org/entity/Q21452243,Sharman
http://www.wikidata.org/entity/Q21448194,Kneller
http://www.wikidata.org/entity/Q17864440,Grant
http://www.wikidata.org/entity/Q37544651,Bandler
http://www.wikidata.org/entity/Q37463801,Warne
http://www.wikidata.org/entity/Q37103113,Glaubitz
http://www.wikidata.org/entity/Q21493415,Rae
http://www.wikidata.org/entity/Q16931171,Granger
http://www.wikidata.org/entity/Q21447940,Hester
http://www.wikidata.org/entity/Q37508250,Gudex
http://www.wikidata.org/entity/Q17033003,Walters
http://www.wikidata.org/entity/Q18412166,Guthrie
http://www.wikidata.org/entity/Q18390654,Zaetta
http://www.wikidata.org/entity/Q21493532,Virgili
http://www.wikidata.org/entity/Q21500584,Booker
http://www.wikidata.org/entity/Q37571158,Madigan
http://www.wikidata.org/entity/Q42864923,Butturini
http://www.wikidata.org/entity/Q1158367,Graf
http://www.wikidata.org/entity/Q21491966,Fahey
http://www.wikidata.org/entity/Q21449521,Elliott
http://www.wikidata.org/entity/Q21450795,Potts
http://www.wikidata.org/entity/Q37555015,Jinks
http://www.wikidata.org/entity/Q21494412,Faull
http://www.wikidata.org/entity/Q23769641,Fenech
http://www.wikidata.org/entity/Q56540807,Skjellerup
http://www.wikidata.org/entity/Q21507302,Nagle
http://www.wikidata.org/entity/Q21449961,Jessica
http://www.wikidata.org/entity/Q66739907,Govers
http://www.wikidata.org/entity/Q21487993,McCarron
http://www.wikidata.org/entity/Q132175548,Bronhill
http://www.wikidata.org/entity/Q21482558,Hickey
http://www.wikidata.org/entity/Q21452348,McBean
http://www.wikidata.org/entity/Q1826710,Szabó
http://www.wikidata.org/entity/Q28843152,Koman
http://www.wikidata.org/entity/Q21501617,Hopper
http://www.wikidata.org/entity/Q21492653,McGuckin
http://www.wikidata.org/entity/Q28402146,Lillingston
http://www.wikidata.org/entity/Q28745162,Borchert
http://www.wikidata.org/entity/Q25114645,Hoobin
http://www.wikidata.org/entity/Q27517147,Tomkins
http://www.wikidata.org/entity/Q28800747,Millman
http://www.wikidata.org/entity/Q2405539,Terry
http://www.wikidata.org/entity/Q21856445,Yu
http://www.wikidata.org/entity/Q1426311,Flack
http://www.wikidata.org/entity/Q28872053,Gerry
http://www.wikidata.org/entity/Q21504663,Bambridge
http://www.wikidata.org/entity/Q29410423,Hillman
http://www.wikidata.org/entity/Q21501686,Oxenbould
http://www.wikidata.org/entity/Q21501719,McGann
http://www.wikidata.org/entity/Q21494056,Origliasso
http://www.wikidata.org/entity/Q29837991,Packer
http://www.wikidata.org/entity/Q4236404,Coe
http://www.wikidata.org/entity/Q36879366,Earls
http://www.wikidata.org/entity/Q37161707,Veron
http://www.wikidata.org/entity/Q26788891,Alessio
http://www.wikidata.org/entity/Q1631308,Hope
http://www.wikidata.org/entity/Q37305156,Nguyen
http://www.wikidata.org/entity/Q37118196,Sansonetti
http://www.wikidata.org/entity/Q37170994,Tho
http://www.wikidata.org/entity/Q23935777,Parisi
http://www.wikidata.org/entity/Q37027537,McKimm
http://www.wikidata.org/entity/Q36981256,Cropp
http://www.wikidata.org/entity/Q37042654,Bezuidenhout
http://www.wikidata.org/entity/Q6802779,McWilliam
http://www.wikidata.org/entity/Q27897265,Calvert
http://www.wikidata.org/entity/Q37471635,Chappel
http://www.wikidata.org/entity/Q42961405,Hepworth
http://www.wikidata.org/entity/Q37434220,Bartle
http://www.wikidata.org/entity/Q37456771,Garred
http://www.wikidata.org/entity/Q28153005,Sherlock
http://www.wikidata.org/entity/Q28056979,Tuckwell
http://www.wikidata.org/entity/Q37480928,Dittmar
http://www.wikidata.org/entity/Q108166976,Karpeh
http://www.wikidata.org/entity/Q61010261,Fraillon
http://www.wikidata.org/entity/Q12043959,Patton
http://www.wikidata.org/entity/Q37259928,McPhillips
http://www.wikidata.org/entity/Q81202256,Woof
http://www.wikidata.org/entity/Q37473970,Sze
http://www.wikidata.org/entity/Q48688828,Grinham
http://www.wikidata.org/entity/Q63191901,Baensch
http://www.wikidata.org/entity/Q97645865,Guan
http://www.wikidata.org/entity/Q117722836,Bathersby
http://www.wikidata.org/entity/Q28194326,Leith
http://www.wikidata.org/entity/Q41793125,Hargreaves
http://www.wikidata.org/entity/Q37522805,Boskovic
http://www.wikidata.org/entity/Q56681862,Slipper
http://www.wikidata.org/entity/Q52294494,Jozinović
http://www.wikidata.org/entity/Q37481010,Bugner
http://www.wikidata.org/entity/Q37560637,Ponsford
http://www.wikidata.org/entity/Q4734266,Aloisi
http://www.wikidata.org/entity/Q37566307,Seale
http://www.wikidata.org/entity/Q12803555,Stone
http://www.wikidata.org/entity/Q37541345,Goon
http://www.wikidata.org/entity/Q37264175,Fromberg
http://www.wikidata.org/entity/Q98101089,Amess
http://www.wikidata.org/entity/Q4451390,Tao
http://www.wikidata.org/entity/Q11878943,Urban
http://www.wikidata.org/entity/Q5593511,Grainger
http://www.wikidata.org/entity/Q13100165,Eagle
http://www.wikidata.org/entity/Q63527263,Hanson-Young
http://www.wikidata.org/entity/Q65039935,Nowill
http://www.wikidata.org/entity/Q66712812,Cadan
http://www.wikidata.org/entity/Q13947890,Larkin
http://www.wikidata.org/entity/Q100274085,Dziubak
http://www.wikidata.org/entity/Q125125193,Breadmore
http://www.wikidata.org/entity/Q36908413,Mendelsohn
http://www.wikidata.org/entity/Q115913884,Commens
http://www.wikidata.org/entity/Q13561066,Emerson
http://www.wikidata.org/entity/Q56246033,Halloran
http://www.wikidata.org/entity/Q49039781,Nakamura
http://www.wikidata.org/entity/Q123581813,Suryana
http://www.wikidata.org/entity/Q99907728,D'Orsogna
http://www.wikidata.org/entity/Q60504796,Zentai
http://www.wikidata.org/entity/Q14966209,Weston
http://www.wikidata.org/entity/Q12790118,Gorman
http://www.wikidata.org/entity/Q13583397,Wells
http://www.wikidata.org/entity/Q16036681,Summers
http://www.wikidata.org/entity/Q107599444,Hinkler
http://www.wikidata.org/entity/Q1158612,Powell
http://www.wikidata.org/entity/Q16865114,Budd
http://www.wikidata.org/entity/Q124318380,Walklate
http://www.wikidata.org/entity/Q1390156,Faber
http://www.wikidata.org/entity/Q116223941,Domahidy
http://www.wikidata.org/entity/Q2079518,Peters
http://www.wikidata.org/entity/Q15733778,Noble
http://www.wikidata.org/entity/Q16479721,Beaurepaire
http://www.wikidata.org/entity/Q16479653,Asche
http://www.wikidata.org/entity/Q735211,Horn
http://www.wikidata.org/entity/Q128627484,Hansar
http://www.wikidata.org/entity/Q804970,Liu
http://www.wikidata.org/entity/Q16865409,Carver
http://www.wikidata.org/entity/Q16852655,Case
http://www.wikidata.org/entity/Q16865504,Charlton
http://www.wikidata.org/entity/Q16869515,Denney
http://www.wikidata.org/entity/Q2339506,Stein
http://www.wikidata.org/entity/Q1614245,Herring
http://www.wikidata.org/entity/Q1391284,Parygin
http://www.wikidata.org/entity/Q16860178,Bogut
http://www.wikidata.org/entity/Q16870019,Free
http://www.wikidata.org/entity/Q1049855,Castro
http://www.wikidata.org/entity/Q16870058,Furneaux
http://www.wikidata.org/entity/Q16869467,Deakin
http://www.wikidata.org/entity/Q2105042,Porter
http://www.wikidata.org/entity/Q2547568,Walton
http://www.wikidata.org/entity/Q1284018,Heggie
http://www.wikidata.org/entity/Q5435990,Farnell
http://www.wikidata.org/entity/Q5464236,Folau
http://www.wikidata.org/entity/Q4922935,Blackham
http://www.wikidata.org/entity/Q1926066,Metzker
http://www.wikidata.org/entity/Q16882328,Rowland
http://www.wikidata.org/entity/Q16870906,Hoyt
http://www.wikidata.org/entity/Q18208671,Edwin
http://www.wikidata.org/entity/Q6489628,Larkins
http://www.wikidata.org/entity/Q16876201,Mack
http://www.wikidata.org/entity/Q16880979,Parsons
http://www.wikidata.org/entity/Q1593799,Linde
http://www.wikidata.org/entity/Q6802346,McMeniman
http://www.wikidata.org/entity/Q18515516,Joyce
http://www.wikidata.org/entity/Q21449440,McRae
http://www.wikidata.org/entity/Q18712778,Babalj
http://www.wikidata.org/entity/Q17126254,Vance
http://www.wikidata.org/entity/Q17142673,Wilcox
http://www.wikidata.org/entity/Q16935824,Twining
http://www.wikidata.org/entity/Q7494511,Shepherdson
http://www.wikidata.org/entity/Q16876180,McCann
http://www.wikidata.org/entity/Q6801409,McGowen
http://www.wikidata.org/entity/Q10954511,Child
http://www.wikidata.org/entity/Q21453128,Orr
http://www.wikidata.org/entity/Q17144855,Watts
http://www.wikidata.org/entity/Q20997411,Mountain
http://www.wikidata.org/entity/Q21476743,Syme
http://www.wikidata.org/entity/Q20727054,Roe
http://www.wikidata.org/entity/Q2526475,Vincent
http://www.wikidata.org/entity/Q12785963,Blair
http://www.wikidata.org/entity/Q21493227,Tranter
http://www.wikidata.org/entity/Q7263119,Pyne
http://www.wikidata.org/entity/Q6032599,Ingles
http://www.wikidata.org/entity/Q21487143,Rennie
http://www.wikidata.org/entity/Q21428204,Lukin
http://www.wikidata.org/entity/Q21450754,Maloney
http://www.wikidata.org/entity/Q7112074,Outhwaite
http://www.wikidata.org/entity/Q21452212,Mackerras
http://www.wikidata.org/entity/Q21492593,O'Kelly
http://www.wikidata.org/entity/Q21475411,Beazley
http://www.wikidata.org/entity/Q6800728,McCubbin
http://www.wikidata.org/entity/Q12787770,Dougan
http://www.wikidata.org/entity/Q27887174,Duckworth
http://www.wikidata.org/entity/Q21484642,Vujčić
http://www.wikidata.org/entity/Q28150759,Sprenger
http://www.wikidata.org/entity/Q13584199,Dickson
http://www.wikidata.org/entity/Q21454025,Baddeley
http://www.wikidata.org/entity/Q7619248,Stoneking
http://www.wikidata.org/entity/Q27230942,Haran
http://www.wikidata.org/entity/Q21487972,Mercurio
http://www.wikidata.org/entity/Q29511503,Randell
http://www.wikidata.org/entity/Q21484684,Massey
http://www.wikidata.org/entity/Q12798330,Parry
http://www.wikidata.org/entity/Q28703604,Burchett
http://www.wikidata.org/entity/Q21491625,Moorhouse
http://www.wikidata.org/entity/Q10856697,Wilkins
http://www.wikidata.org/entity/Q30669699,Disher
http://www.wikidata.org/entity/Q28736330,O'Mara
http://www.wikidata.org/entity/Q15789303,Bond
http://www.wikidata.org/entity/Q15897599,Petrie
http://www.wikidata.org/entity/Q16281067,Ryder
http://www.wikidata.org/entity/Q28226321,Conder
http://www.wikidata.org/entity/Q4973222,Brogan
http://www.wikidata.org/entity/Q12794624,Latham
http://www.wikidata.org/entity/Q36889508,Sartor
http://www.wikidata.org/entity/Q5048972,Casley
http://www.wikidata.org/entity/Q21488893,Stoner
http://www.wikidata.org/entity/Q17093299,Treloar
http://www.wikidata.org/entity/Q36871789,Nesbit
http://www.wikidata.org/entity/Q16871211,Joy
http://www.wikidata.org/entity/Q30335321,Groth
http://www.wikidata.org/entity/Q16871005,Inglis
http://www.wikidata.org/entity/Q21492404,Gourlay
http://www.wikidata.org/entity/Q16881041,Payne
http://www.wikidata.org/entity/Q16932398,Soward
http://www.wikidata.org/entity/Q21502096,Doherty
http://www.wikidata.org/entity/Q16865687,Collier
http://www.wikidata.org/entity/Q16479511,Ayre
http://www.wikidata.org/entity/Q16800931,Henjak
http://www.wikidata.org/entity/Q13583115,Underwood
http://www.wikidata.org/entity/Q21509390,Newcombe
http://www.wikidata.org/entity/Q36965964,Kyburz
http://www.wikidata.org/entity/Q37182435,Down
http://www.wikidata.org/entity/Q7814624,Tolson
http://www.wikidata.org/entity/Q13552870,Bryant
http://www.wikidata.org/entity/Q5263823,Ryan
http://www.wikidata.org/entity/Q37513042,Moffatt
http://www.wikidata.org/entity/Q37245649,Tex
http://www.wikidata.org/entity/Q37506566,Ginn
http://www.wikidata.org/entity/Q37508872,Vesely
http://www.wikidata.org/entity/Q18041131,Chalk
http://www.wikidata.org/entity/Q24436077,Mayo
http://www.wikidata.org/entity/Q24231921,Emmanuel
http://www.wikidata.org/entity/Q18201836,Wesolowski
http://www.wikidata.org/entity/Q21508076,Thring
http://www.wikidata.org/entity/Q20007284,Park
http://www.wikidata.org/entity/Q18669734,Flemming
http://www.wikidata.org/entity/Q25197428,Donnelly
http://www.wikidata.org/entity/Q12785500,Barker
http://www.wikidata.org/entity/Q37534349,Sheean
http://www.wikidata.org/entity/Q16148136,Archer
http://www.wikidata.org/entity/Q26078995,Lopez
http://www.wikidata.org/entity/Q28199655,Jeffery
http://www.wikidata.org/entity/Q61735709,Tamás
http://www.wikidata.org/entity/Q58138190,Rafty
http://www.wikidata.org/entity/Q16845738,Hurley
http://www.wikidata.org/entity/Q16869519,Dent
http://www.wikidata.org/entity/Q37526730,Minty
http://www.wikidata.org/entity/Q13581093,Wade
http://www.wikidata.org/entity/Q54862663,McLoughlin
http://www.wikidata.org/entity/Q21450800,Yudin
http://www.wikidata.org/entity/Q36876325,Wenham
http://www.wikidata.org/entity/Q47544304,Vlad
http://www.wikidata.org/entity/Q56072140,Comensoli
http://www.wikidata.org/entity/Q20995994,Cochran
http://www.wikidata.org/entity/Q20998131,Trumble
http://www.wikidata.org/entity/Q37130261,Kemps
http://www.wikidata.org/entity/Q104748964,Scarf
http://www.wikidata.org/entity/Q84829606,Dollin
http://www.wikidata.org/entity/Q14915267,Buck
http://www.wikidata.org/entity/Q125529181,Bethwaite
http://www.wikidata.org/entity/Q16871196,Johns
http://www.wikidata.org/entity/Q16870679,Helm
http://www.wikidata.org/entity/Q36879046,Keneally
http://www.wikidata.org/entity/Q16479536,Bedford
http://www.wikidata.org/entity/Q16870299,Greenway
http://www.wikidata.org/entity/Q37193814,LaPaglia
http://www.wikidata.org/entity/Q16869871,Ewing
http://www.wikidata.org/entity/Q36936669,Goulding
http://www.wikidata.org/entity/Q21483014,Christensen
http://www.wikidata.org/entity/Q21492006,Bevan
http://www.wikidata.org/entity/Q383113,Dean
http://www.wikidata.org/entity/Q16883559,Somerville
http://www.wikidata.org/entity/Q21507132,Hindmarsh
http://www.wikidata.org/entity/Q16871816,Lang
http://www.wikidata.org/entity/Q16468557,Palubinskas
http://www.wikidata.org/entity/Q932128,McKay
http://www.wikidata.org/entity/Q37315831,Grella
http://www.wikidata.org/entity/Q16876475,Marsden
http://www.wikidata.org/entity/Q16876875,Metcalfe
http://www.wikidata.org/entity/Q16872047,Lennie
http://www.wikidata.org/entity/Q16882929,Seitz
http://www.wikidata.org/entity/Q16876539,Masur
http://www.wikidata.org/entity/Q37273689,Furphy
http://www.wikidata.org/entity/Q16869642,Dougherty
http://www.wikidata.org/entity/Q37210208,Rosewall
http://www.wikidata.org/entity/Q37469605,Beauchamp
http://www.wikidata.org/entity/Q21510966,Hayne
http://www.wikidata.org/entity/Q16865670,Coghlan
http://www.wikidata.org/entity/Q37482816,Emerton
http://www.wikidata.org/entity/Q37471007,Jedinak
http://www.wikidata.org/entity/Q21511092,Mawdsley
http://www.wikidata.org/entity/Q28147132,Tallis
http://www.wikidata.org/entity/Q23638531,Renner
http://www.wikidata.org/entity/Q16869702,Duff
http://www.wikidata.org/entity/Q18157322,Sebastian
http://www.wikidata.org/entity/Q29358667,Newland
http://www.wikidata.org/entity/Q26775128,Lazarus
http://www.wikidata.org/entity/Q37528139,Grainer
http://www.wikidata.org/entity/Q19986366,Brodie
http://www.wikidata.org/entity/Q47488841,Farlow
http://www.wikidata.org/entity/Q41767955,Papadopoulos
http://www.wikidata.org/entity/Q16870871,Hooper
http://www.wikidata.org/entity/Q66749932,Vujcic
http://www.wikidata.org/entity/Q27988939,Pritchard
http://www.wikidata.org/entity/Q56244712,Clavell
http://www.wikidata.org/entity/Q30102635,Lyon
http://www.wikidata.org/entity/Q21511624,McKinlay
http://www.wikidata.org/entity/Q21488213,Abetz
http://www.wikidata.org/entity/Q21449777,O'Shea
http://www.wikidata.org/entity/Q37568426,Winton
http://www.wikidata.org/entity/Q56245786,Harrop
http://www.wikidata.org/entity/Q63734349,Bresciano
http://www.wikidata.org/entity/Q4998308,Burdon
http://www.wikidata.org/entity/Q36880626,Timpano
http://www.wikidata.org/entity/Q21449571,Stoltenberg
http://www.wikidata.org/entity/Q71709639,Tillyard
http://www.wikidata.org/entity/Q107751543,Upfield
http://www.wikidata.org/entity/Q21450882,Parrott
http://www.wikidata.org/entity/Q36961686,Holbeck
http://www.wikidata.org/entity/Q21484845,Webster
http://www.wikidata.org/entity/Q6450191,Kwanten
http://www.wikidata.org/entity/Q21507253,Cosgrove
http://www.wikidata.org/entity/Q812568,Baynes
http://www.wikidata.org/entity/Q16883902,Strange
http://www.wikidata.org/entity/Q37040737,Larke
http://www.wikidata.org/entity/Q37051662,Langlands
http://www.wikidata.org/entity/Q37309277,Oeltjen
http://www.wikidata.org/entity/Q123761577,Bradman
http://www.wikidata.org/entity/Q229146,Mori
http://www.wikidata.org/entity/Q131860038,Vujicic
http://www.wikidata.org/entity/Q28199768,Ireland
http://www.wikidata.org/entity/Q686223,Li
http://www.wikidata.org/entity/Q7424208,Sarkies
http://www.wikidata.org/entity/Q25114607,Reilly
http://www.wikidata.org/entity/Q21483046,Corr
http://www.wikidata.org/entity/Q27922009,Niblett
http://www.wikidata.org/entity/Q21507704,McIntyre
http://www.wikidata.org/entity/Q21507357,Salter
http://www.wikidata.org/entity/Q21507974,Dashwood
http://www.wikidata.org/entity/Q7851265,Tudor
http://www.wikidata.org/entity/Q21492810,Grubb
http://www.wikidata.org/entity/Q37485662,Giltinan
http://www.wikidata.org/entity/Q37466333,Kinghorn
http://www.wikidata.org/entity/Q37182253,Stoeckel
http://www.wikidata.org/entity/Q36912609,Corica
http://www.wikidata.org/entity/Q47842336,Royle
http://www.wikidata.org/entity/Q47536011,McVilly
http://www.wikidata.org/entity/Q37510597,Sardi
http://www.wikidata.org/entity/Q10826587,Wang
http://www.wikidata.org/entity/Q11705831,Song
http://www.wikidata.org/entity/Q37449303,MacKellar
http://www.wikidata.org/entity/Q22122844,Manuel
http://www.wikidata.org/entity/Q37488068,Buzo
http://www.wikidata.org/entity/Q37533260,Skaife
http://www.wikidata.org/entity/Q37499550,Gomez
http://www.wikidata.org/entity/Q37562461,Jago
http://www.wikidata.org/entity/Q37314486,Doerner
http://www.wikidata.org/entity/Q63058683,Panoho
http://www.wikidata.org/entity/Q13563379,Page
http://www.wikidata.org/entity/Q41768668,Connell
http://www.wikidata.org/entity/Q27680770,Ratcliffe
http://www.wikidata.org/entity/Q65098752,Brancourt
http://www.wikidata.org/entity/Q37558144,Marrone
http://www.wikidata.org/entity/Q36889544,Haire
http://www.wikidata.org/entity/Q1627663,Hopkins
http://www.wikidata.org/entity/Q13408665,Dunlop
http://www.wikidata.org/entity/Q28865755,Hush
http://www.wikidata.org/entity/Q28933323,Watkiss
http://www.wikidata.org/entity/Q29048792,Sporn
http://www.wikidata.org/entity/Q131542825,McGlede
http://www.wikidata.org/entity/Q119627298,Mesure
http://www.wikidata.org/entity/Q16245895,Davey
http://www.wikidata.org/entity/Q50880760,Rann
http://www.wikidata.org/entity/Q84600836,Braddon
http://www.wikidata.org/entity/Q50359452,O'Keefe
http://www.wikidata.org/entity/Q2122984,Smit
http://www.wikidata.org/entity/Q59204827,Mabo
http://www.wikidata.org/entity/Q36926603,Gurry
http://www.wikidata.org/entity/Q76847564,Dobrowolska
http://www.wikidata.org/entity/Q16860465,Brisbane
http://www.wikidata.org/entity/Q37004817,Peek
http://www.wikidata.org/entity/Q16002682,Alston
http://www.wikidata.org/entity/Q37270373,Majok
http://www.wikidata.org/entity/Q16275649,Elkin
http://www.wikidata.org/entity/Q37483871,Krueger
http://www.wikidata.org/entity/Q1983554,Newman
http://www.wikidata.org/entity/Q16860324,Bradbury
http://www.wikidata.org/entity/Q16865678,Coleridge
http://www.wikidata.org/entity/Q1158321,Alison
http://www.wikidata.org/entity/Q790638,Avery
http://www.wikidata.org/entity/Q37446858,Lyle
http://www.wikidata.org/entity/Q16865411,Cary
http://www.wikidata.org/entity/Q37498541,Hannan
http://www.wikidata.org/entity/Q37518828,Balla
http://www.wikidata.org/entity/Q16865207,Burt
http://www.wikidata.org/entity/Q37544035,Wilton
http://www.wikidata.org/entity/Q7623111,Streeton
http://www.wikidata.org/entity/Q1322330,Ekberg
http://www.wikidata.org/entity/Q37552354,Fayle
http://www.wikidata.org/entity/Q1546454,Kaine
http://www.wikidata.org/entity/Q16877613,Muniz
http://www.wikidata.org/entity/Q1408775,Burns
http://www.wikidata.org/entity/Q37562956,Derrick
http://www.wikidata.org/entity/Q66913259,Brondello
http://www.wikidata.org/entity/Q18689509,Marion
http://www.wikidata.org/entity/Q21431017,Scholes
http://www.wikidata.org/entity/Q19691540,Stanford
http://www.wikidata.org/entity/Q17562889,Huss
http://www.wikidata.org/entity/Q14372181,McCabe
http://www.wikidata.org/entity/Q58828415,Melouney
http://www.wikidata.org/entity/Q1440104,Fowler
http://www.wikidata.org/entity/Q20900701,Nolan
http://www.wikidata.org/entity/Q14947702,Birch
http://www.wikidata.org/entity/Q2350543,Stock
http://www.wikidata.org/entity/Q2134042,Raymond
http://www.wikidata.org/entity/Q2136484,Reed
http://www.wikidata.org/entity/Q21475215,Sangster
http://www.wikidata.org/entity/Q16479591,Bayley
http://www.wikidata.org/entity/Q21484749,Chalmers
http://www.wikidata.org/entity/Q16463049,Donaldson
http://www.wikidata.org/entity/Q116180497,Kong
http://www.wikidata.org/entity/Q124022352,Buljevic
http://www.wikidata.org/entity/Q428024,Klein
http://www.wikidata.org/entity/Q16865485,Champion
http://www.wikidata.org/entity/Q16676374,Milat
http://www.wikidata.org/entity/Q21476685,Binney
http://www.wikidata.org/entity/Q16869434,Davison
http://www.wikidata.org/entity/Q21492802,Petkovic
http://www.wikidata.org/entity/Q16869413,Dargan
http://www.wikidata.org/entity/Q16865943,Cummings
http://www.wikidata.org/entity/Q21492916,Laidler
http://www.wikidata.org/entity/Q896987,Bradley
http://www.wikidata.org/entity/Q16869896,Farina
http://www.wikidata.org/entity/Q16869493,Delaney
http://www.wikidata.org/entity/Q7205434,Plummer
http://www.wikidata.org/entity/Q5455667,Fitzpatrick
http://www.wikidata.org/entity/Q16876665,McCoy
http://www.wikidata.org/entity/Q2798180,Richter
http://www.wikidata.org/entity/Q7379778,Rundle
http://www.wikidata.org/entity/Q12652673,David
http://www.wikidata.org/entity/Q21508686,Howitt
http://www.wikidata.org/entity/Q21509452,Kindler
http://www.wikidata.org/entity/Q7191066,Picot
http://www.wikidata.org/entity/Q7356460,Rodda
http://www.wikidata.org/entity/Q5501206,Freeth
http://www.wikidata.org/entity/Q16877153,Milton
http://www.wikidata.org/entity/Q21508725,Reber
http://www.wikidata.org/entity/Q13553605,Graves
http://www.wikidata.org/entity/Q25114767,Birnie
http://www.wikidata.org/entity/Q5606472,Gregan
http://www.wikidata.org/entity/Q13156704,Booth
http://www.wikidata.org/entity/Q7333038,Ridsdale
http://www.wikidata.org/entity/Q16883767,Stanhope
http://www.wikidata.org/entity/Q7019701,Newsome
http://www.wikidata.org/entity/Q28811974,Bracken
http://www.wikidata.org/entity/Q13553902,Miles
http://www.wikidata.org/entity/Q6801348,McGirr
http://www.wikidata.org/entity/Q23907787,Hoffmann
http://www.wikidata.org/entity/Q7991927,Wheatley
http://www.wikidata.org/entity/Q16880760,Öpik
http://www.wikidata.org/entity/Q16479515,Ayres
http://www.wikidata.org/entity/Q13553634,Jamison
http://www.wikidata.org/entity/Q1166891,Darwin
http://www.wikidata.org/entity/Q7623174,Strehlow
http://www.wikidata.org/entity/Q1259568,Burton
http://www.wikidata.org/entity/Q7993665,Whincup
http://www.wikidata.org/entity/Q15616682,Love
http://www.wikidata.org/entity/Q17521245,Forster
http://www.wikidata.org/entity/Q29002296,Pitt
http://www.wikidata.org/entity/Q16860603,Bruton
http://www.wikidata.org/entity/Q33092342,Quist
http://www.wikidata.org/entity/Q28871536,Mears
http://www.wikidata.org/entity/Q20997842,Schepisi
http://www.wikidata.org/entity/Q16865739,Cope
http://www.wikidata.org/entity/Q16867162,Hannant
http://www.wikidata.org/entity/Q21449010,Zane
http://www.wikidata.org/entity/Q30078411,Wroe
http://www.wikidata.org/entity/Q21449209,Murnane
http://www.wikidata.org/entity/Q36914664,Edgerton
http://www.wikidata.org/entity/Q36924718,Lynagh
http://www.wikidata.org/entity/Q16869432,Davenport
http://www.wikidata.org/entity/Q16870101,Gandy
http://www.wikidata.org/entity/Q15818993,Hafner
http://www.wikidata.org/entity/Q21484526,McPhee
http://www.wikidata.org/entity/Q37446529,Heenan
http://www.wikidata.org/entity/Q16280805,Rankin
http://www.wikidata.org/entity/Q16865657,Coburn
http://www.wikidata.org/entity/Q2496977,Unsworth
http://www.wikidata.org/entity/Q21491209,McCormack
http://www.wikidata.org/entity/Q37452056,Dibley
http://www.wikidata.org/entity/Q37456513,Elrich
http://www.wikidata.org/entity/Q16881854,Randall
http://www.wikidata.org/entity/Q16877880,Neave
http://www.wikidata.org/entity/Q2594455,Wright
http://www.wikidata.org/entity/Q21491905,Lycett
http://www.wikidata.org/entity/Q16876679,McFarlane
http://www.wikidata.org/entity/Q16872548,Low
http://www.wikidata.org/entity/Q37476950,Kafer
http://www.wikidata.org/entity/Q3841920,MacDougall
http://www.wikidata.org/entity/Q37253686,Carozza
http://www.wikidata.org/entity/Q16291757,Nel
http://www.wikidata.org/entity/Q16882327,Rowe
http://www.wikidata.org/entity/Q16865726,Connors
http://www.wikidata.org/entity/Q16870185,Gil
http://www.wikidata.org/entity/Q21493527,Viiding
http://www.wikidata.org/entity/Q21494402,Nguyễn
http://www.wikidata.org/entity/Q21492858,Humbert
http://www.wikidata.org/entity/Q37480498,Celeski
http://www.wikidata.org/entity/Q37490745,Musgrove
http://www.wikidata.org/entity/Q21493488,Begg
http://www.wikidata.org/entity/Q16881915,Read
http://www.wikidata.org/entity/Q16870111,Garden
http://www.wikidata.org/entity/Q51077768,Broadstock
http://www.wikidata.org/entity/Q16870210,Glynn
http://www.wikidata.org/entity/Q56246564,Lions
http://www.wikidata.org/entity/Q73754789,Leijer
http://www.wikidata.org/entity/Q81905130,Madaschi
http://www.wikidata.org/entity/Q5178859,Coutts
http://www.wikidata.org/entity/Q37490831,Caceres
http://www.wikidata.org/entity/Q16989626,Whittle
http://www.wikidata.org/entity/Q111452992,Louwerse
http://www.wikidata.org/entity/Q55550590,Fitzgerald
http://www.wikidata.org/entity/Q6750904,Mannion
http://www.wikidata.org/entity/Q102046746,Šerić
http://www.wikidata.org/entity/Q21509164,McNaught
http://www.wikidata.org/entity/Q16870500,Harcourt
http://www.wikidata.org/entity/Q16876667,McCrae
http://www.wikidata.org/entity/Q6508166,Lea
http://www.wikidata.org/entity/Q27791553,Passmore
http://www.wikidata.org/entity/Q21449614,Saville
http://www.wikidata.org/entity/Q16947650,Wellman
http://www.wikidata.org/entity/Q21513178,Longley
http://www.wikidata.org/entity/Q7974743,Watmough
http://www.wikidata.org/entity/Q6865196,Minichiello
http://www.wikidata.org/entity/Q18331020,Honey
http://www.wikidata.org/entity/Q18537364,Willems
http://www.wikidata.org/entity/Q123557634,Veeran
http://www.wikidata.org/entity/Q28914255,Kouros
http://www.wikidata.org/entity/Q37159049,Calwell
http://www.wikidata.org/entity/Q21510826,Lowrie
http://www.wikidata.org/entity/Q17093955,Whitley
http://www.wikidata.org/entity/Q7852110,Tulk
http://www.wikidata.org/entity/Q21482693,Swire
http://www.wikidata.org/entity/Q28452655,Darcy
http://www.wikidata.org/entity/Q123557505,Sindoro
http://www.wikidata.org/entity/Q121296985,Tuqiri
http://www.wikidata.org/entity/Q7156247,Pawley
http://www.wikidata.org/entity/Q1109134,Costello
http://www.wikidata.org/entity/Q37187143,Mannix
http://www.wikidata.org/entity/Q20996659,Holohan
http://www.wikidata.org/entity/Q37259095,Olman
http://www.wikidata.org/entity/Q21491350,Stockdale
http://www.wikidata.org/entity/Q37481567,Stove
http://www.wikidata.org/entity/Q21476583,McVean
http://www.wikidata.org/entity/Q21492092,Reese
http://www.wikidata.org/entity/Q21450738,McNamara
http://www.wikidata.org/entity/Q16275793,Farley
http://www.wikidata.org/entity/Q37217784,Fenner
http://www.wikidata.org/entity/Q37499952,Langerak
http://www.wikidata.org/entity/Q21492207,Gillies
http://www.wikidata.org/entity/Q21492216,Nossal
http://www.wikidata.org/entity/Q30084258,Doran
http://www.wikidata.org/entity/Q28017312,Salisbury
http://www.wikidata.org/entity/Q37552258,Klim
http://www.wikidata.org/entity/Q21492212,Gipson
http://www.wikidata.org/entity/Q37545830,Brehaut
http://www.wikidata.org/entity/Q21497203,Hume
http://www.wikidata.org/entity/Q21504626,Ulrich
http://www.wikidata.org/entity/Q16865511,Cheek
http://www.wikidata.org/entity/Q16820239,Haddrick
http://www.wikidata.org/entity/Q21492864,Chaloupka
http://www.wikidata.org/entity/Q2458027,Chistyakov
http://www.wikidata.org/entity/Q2267859,Sorensen
http://www.wikidata.org/entity/Q37517036,Carle
http://www.wikidata.org/entity/Q37531513,Drakeford
http://www.wikidata.org/entity/Q16869618,Doman
http://www.wikidata.org/entity/Q16870816,Hodge
http://www.wikidata.org/entity/Q16870307,Grierson
http://www.wikidata.org/entity/Q16871022,Inverarity
http://www.wikidata.org/entity/Q56218309,Henson
http://www.wikidata.org/entity/Q36869666,Dellavedova
http://www.wikidata.org/entity/Q16880966,Parkinson
http://www.wikidata.org/entity/Q16883354,Sims
http://www.wikidata.org/entity/Q16880704,Oldfield
http://www.wikidata.org/entity/Q16872884,Monticelli
http://www.wikidata.org/entity/Q36859774,Kulacz
http://www.wikidata.org/entity/Q36923787,Crace
http://www.wikidata.org/entity/Q4305768,Moodie
http://www.wikidata.org/entity/Q37555383,Hargraves
http://www.wikidata.org/entity/Q26991397,Kurniawan
http://www.wikidata.org/entity/Q16870091,Galvin
http://www.wikidata.org/entity/Q28150823,Stolz
http://www.wikidata.org/entity/Q37562822,Spring
http://www.wikidata.org/entity/Q37133783,See
http://www.wikidata.org/entity/Q124876969,Wenden
http://www.wikidata.org/entity/Q37022350,Leaper
http://www.wikidata.org/entity/Q25114657,Wigney
http://www.wikidata.org/entity/Q28130611,Windeatt
http://www.wikidata.org/entity/Q37492807,Pilgrim
http://www.wikidata.org/entity/Q21508013,Dawkins
http://www.wikidata.org/entity/Q16963917,Tryon
http://www.wikidata.org/entity/Q203541,Zimmer
http://www.wikidata.org/entity/Q28978263,Bove
http://www.wikidata.org/entity/Q37325730,Warfe
http://www.wikidata.org/entity/Q27651630,Berndt
http://www.wikidata.org/entity/Q6489695,Larnach
http://www.wikidata.org/entity/Q100744911,Springthorpe
http://www.wikidata.org/entity/Q36868045,Filan
http://www.wikidata.org/entity/Q37135271,Burlinson
http://www.wikidata.org/entity/Q63728595,Spiranovic
http://www.wikidata.org/entity/Q59348843,Trendall
http://www.wikidata.org/entity/Q21448064,Waddell
http://www.wikidata.org/entity/Q37486432,Chittenden
http://www.wikidata.org/entity/Q37515496,Saric
http://www.wikidata.org/entity/Q37509684,Rene
http://www.wikidata.org/entity/Q9757446,Xu
http://www.wikidata.org/entity/Q36936417,Priest
http://www.wikidata.org/entity/Q21450344,Tepper
http://www.wikidata.org/entity/Q37207407,Gavrilova
http://www.wikidata.org/entity/Q37174461,Skipworth
http://www.wikidata.org/entity/Q56540510,Rudić
http://www.wikidata.org/entity/Q55221557,Tan
http://www.wikidata.org/entity/Q48980700,Gameiro
http://www.wikidata.org/entity/Q112054151,Szubański
http://www.wikidata.org/entity/Q29477529,Leake
http://www.wikidata.org/entity/Q65459691,Fitz-Gerald
http://www.wikidata.org/entity/Q11790733,North
http://www.wikidata.org/entity/Q21453164,O'Donoghue
http://www.wikidata.org/entity/Q21452621,McGahan
http://www.wikidata.org/entity/Q124208179,Brits
http://www.wikidata.org/entity/Q118740645,Laybutt
http://www.wikidata.org/entity/Q37501243,Sansbury
http://www.wikidata.org/entity/Q47524217,Koehne
http://www.wikidata.org/entity/Q54807410,Hinchley
http://www.wikidata.org/entity/Q1348074,Koch
http://www.wikidata.org/entity/Q1479191,Richardson
http://www.wikidata.org/entity/Q56244041,Halpin
http://www.wikidata.org/entity/Q14650387,Carpenter
http://www.wikidata.org/entity/Q21481527,Heath
http://www.wikidata.org/entity/Q2152775,Rigg
http://www.wikidata.org/entity/Q55231363,Ivin
http://www.wikidata.org/entity/Q16479457,Barlow
http://www.wikidata.org/entity/Q21491452,Kiernan
http://www.wikidata.org/entity/Q56246558,Pawsey
http://www.wikidata.org/entity/Q76426015,Baldenweg
http://www.wikidata.org/entity/Q21493432,Barba
http://www.wikidata.org/entity/Q119065840,Middleby
http://www.wikidata.org/entity/Q1668082,Lyne
http://www.wikidata.org/entity/Q16800909,Hegerty
http://www.wikidata.org/entity/Q115768833,Kratzmann
http://www.wikidata.org/entity/Q118314162,Sibbritt
http://www.wikidata.org/entity/Q16860281,Both
http://www.wikidata.org/entity/Q16479772,Balfour
http://www.wikidata.org/entity/Q4975406,Brosnan
http://www.wikidata.org/entity/Q16860305,Bowler
http://www.wikidata.org/entity/Q11790730,Nicholls
http://www.wikidata.org/entity/Q12668666,Paul
http://www.wikidata.org/entity/Q5331590,Ebelthite
http://www.wikidata.org/entity/Q4480591,Fine
http://www.wikidata.org/entity/Q21508261,Hinshelwood
http://www.wikidata.org/entity/Q16869679,Drummond
http://www.wikidata.org/entity/Q24114244,Leeds
http://www.wikidata.org/entity/Q16870597,Hawker
http://www.wikidata.org/entity/Q29804178,Pryor
http://www.wikidata.org/entity/Q12191064,Peterson
http://www.wikidata.org/entity/Q13510892,Andre
http://www.wikidata.org/entity/Q16841915,Healey
http://www.wikidata.org/entity/Q36933283,Player
http://www.wikidata.org/entity/Q16876392,Mansfield
http://www.wikidata.org/entity/Q16860541,Brooker
http://www.wikidata.org/entity/Q13553818,Kirby
http://www.wikidata.org/entity/Q37477013,Stepien
http://www.wikidata.org/entity/Q16870521,Harkness
http://www.wikidata.org/entity/Q16876834,Meredith
http://www.wikidata.org/entity/Q16001762,Addison
http://www.wikidata.org/entity/Q20996721,Hornstra
http://www.wikidata.org/entity/Q16860189,Bold
http://www.wikidata.org/entity/Q16883443,Slingsby
http://www.wikidata.org/entity/Q37121650,Blades
http://www.wikidata.org/entity/Q16884892,Travis
http://www.wikidata.org/entity/Q18161675,Nix
http://www.wikidata.org/entity/Q56434765,La Fontaine
http://www.wikidata.org/entity/Q4150025,Groves
http://www.wikidata.org/entity/Q27429773,Neal
http://www.wikidata.org/entity/Q21507939,Pires
http://www.wikidata.org/entity/Q16869073,Heal
http://www.wikidata.org/entity/Q19776313,Lambert
http://www.wikidata.org/entity/Q19754983,Travers
http://www.wikidata.org/entity/Q37555651,Slack
http://www.wikidata.org/entity/Q16884830,Toohey
http://www.wikidata.org/entity/Q37477919,Twamley
http://www.wikidata.org/entity/Q37556837,Callea
http://www.wikidata.org/entity/Q355383,McKinnon
http://www.wikidata.org/entity/Q5244131,DeVere
http://www.wikidata.org/entity/Q37004063,Warneke
http://www.wikidata.org/entity/Q37463799,Wearne
http://www.wikidata.org/entity/Q5171898,Cornthwaite
http://www.wikidata.org/entity/Q21242872,Price
http://www.wikidata.org/entity/Q20996353,Grills
http://www.wikidata.org/entity/Q37566095,Covic
http://www.wikidata.org/entity/Q4668301,Abonyi
http://www.wikidata.org/entity/Q21450700,Tóth
http://www.wikidata.org/entity/Q55267007,Tass
http://www.wikidata.org/entity/Q7228299,Ponting
http://www.wikidata.org/entity/Q21451986,Fairley
http://www.wikidata.org/entity/Q21492194,Prowse
http://www.wikidata.org/entity/Q20997311,McCartney
http://www.wikidata.org/entity/Q1617958,Vermeulen
http://www.wikidata.org/entity/Q21504657,Moylan
http://www.wikidata.org/entity/Q4950519,Bovell
http://www.wikidata.org/entity/Q21488843,Adey
http://www.wikidata.org/entity/Q55988078,Schodde
http://www.wikidata.org/entity/Q21500831,Ceccoli
http://www.wikidata.org/entity/Q21484864,Buckley
http://www.wikidata.org/entity/Q2123241,Quinn
http://www.wikidata.org/entity/Q21491670,Facey
http://www.wikidata.org/entity/Q21751041,Livingstone
http://www.wikidata.org/entity/Q8002504,Wilkin
http://www.wikidata.org/entity/Q2600092,Yeoh
http://www.wikidata.org/entity/Q56144096,Sampi
http://www.wikidata.org/entity/Q21507190,Gerasimov
http://www.wikidata.org/entity/Q21508838,Tonelli
http://www.wikidata.org/entity/Q28060600,Masters
http://www.wikidata.org/entity/Q21498023,Kingma
http://www.wikidata.org/entity/Q21487723,Sievers
http://www.wikidata.org/entity/Q1260736,Borg
http://www.wikidata.org/entity/Q26904122,Hannah
http://www.wikidata.org/entity/Q21508465,Smeets
http://www.wikidata.org/entity/Q21493288,Cuthbertson
http://www.wikidata.org/entity/Q27534756,Broderick
http://www.wikidata.org/entity/Q27133558,Kamara
http://www.wikidata.org/entity/Q29546788,Willoughby
http://www.wikidata.org/entity/Q14917162,Guy
http://www.wikidata.org/entity/Q5559502,Giddings
http://www.wikidata.org/entity/Q6827982,Micevski
http://www.wikidata.org/entity/Q24464016,Amphlett
http://www.wikidata.org/entity/Q23645106,Dahlberg
http://www.wikidata.org/entity/Q16255538,Jung
http://www.wikidata.org/entity/Q25300160,Maher
http://www.wikidata.org/entity/Q16275175,Carrington
http://www.wikidata.org/entity/Q16471351,Rodrigues
http://www.wikidata.org/entity/Q37561586,Cutt
http://www.wikidata.org/entity/Q37474030,Baggaley
http://www.wikidata.org/entity/Q16473357,Stephens
http://www.wikidata.org/entity/Q27206813,Touhy
http://www.wikidata.org/entity/Q37537241,Herriman
http://www.wikidata.org/entity/Q16865428,Cassidy
http://www.wikidata.org/entity/Q41955760,Ride
http://www.wikidata.org/entity/Q28913586,D'Arcy
http://www.wikidata.org/entity/Q16860081,Blakely
http://www.wikidata.org/entity/Q16869771,Edmondson
http://www.wikidata.org/entity/Q12800499,Rubin
http://www.wikidata.org/entity/Q29018501,Toth
http://www.wikidata.org/entity/Q47462065,Janzon
http://www.wikidata.org/entity/Q37567696,Everage
http://www.wikidata.org/entity/Q16865949,Cure
http://www.wikidata.org/entity/Q5331334,Eaton
http://www.wikidata.org/entity/Q17166770,Schacht
http://www.wikidata.org/entity/Q124749310,Viidikas
http://www.wikidata.org/entity/Q101441267,Friels
http://www.wikidata.org/entity/Q106108575,Marinov
http://www.wikidata.org/entity/Q56539870,Miličević
http://www.wikidata.org/entity/Q100499704,Lisandro
http://www.wikidata.org/entity/Q93589194,Beadsworth
http://www.wikidata.org/entity/Q37260847,Vandenbergh
http://www.wikidata.org/entity/Q6750721,Mannah
http://www.wikidata.org/entity/Q16877383,Moon
http://www.wikidata.org/entity/Q37024391,Figlioli
http://www.wikidata.org/entity/Q7963813,Walsh
http://www.wikidata.org/entity/Q7913871,van der Sluijs
http://www.wikidata.org/entity/Q7598928,Staniforth
http://www.wikidata.org/entity/Q16869869,Everingham
http://www.wikidata.org/entity/Q36889405,Leech
http://www.wikidata.org/entity/Q37439292,Dickeson
http://www.wikidata.org/entity/Q16277727,Bagger
http://www.wikidata.org/entity/Q16884673,Thwaite
http://www.wikidata.org/entity/Q37531821,Dargin
http://www.wikidata.org/entity/Q37301946,Leal
http://www.wikidata.org/entity/Q37551830,Stanner
http://www.wikidata.org/entity/Q16871795,Lamy
http://www.wikidata.org/entity/Q16479596,Beresford
http://www.wikidata.org/entity/Q16860286,Boucher
http://www.wikidata.org/entity/Q7366196,Rooke
http://www.wikidata.org/entity/Q37569851,Joannou
http://www.wikidata.org/entity/Q37573617,Kuepper
http://www.wikidata.org/entity/Q21450024,Hamill
http://www.wikidata.org/entity/Q20519061,Amor
http://www.wikidata.org/entity/Q18062610,Penrose
http://www.wikidata.org/entity/Q56020177,Tampion
http://www.wikidata.org/entity/Q17541915,Marton
http://www.wikidata.org/entity/Q21452589,Pejić
http://www.wikidata.org/entity/Q107675700,Cheel
http://www.wikidata.org/entity/Q93067587,van der Poorten
http://www.wikidata.org/entity/Q21476669,Wolfensohn
http://www.wikidata.org/entity/Q20668001,Kershaw
http://www.wikidata.org/entity/Q306749,Abbott
http://www.wikidata.org/entity/Q21484563,De Backer
http://www.wikidata.org/entity/Q1394128,Holmgren
http://www.wikidata.org/entity/Q21500484,McKinney
http://www.wikidata.org/entity/Q2354177,Tan
http://www.wikidata.org/entity/Q21482525,Fyfe
http://www.wikidata.org/entity/Q21506863,Adie
http://www.wikidata.org/entity/Q21452335,Allston
http://www.wikidata.org/entity/Q3199417,Kowalski
http://www.wikidata.org/entity/Q16860206,Bolt
http://www.wikidata.org/entity/Q21482597,Vanstone
http://www.wikidata.org/entity/Q21510812,Gascoigne
http://www.wikidata.org/entity/Q16860538,Brooke
http://www.wikidata.org/entity/Q21493275,Crean
http://www.wikidata.org/entity/Q21492391,Markov
http://www.wikidata.org/entity/Q23640796,Pilger
http://www.wikidata.org/entity/Q21487953,Brugman
http://www.wikidata.org/entity/Q21492385,Golding
http://www.wikidata.org/entity/Q16860227,Bonney
http://www.wikidata.org/entity/Q1302117,Eichler
http://www.wikidata.org/entity/Q5527597,Gauci
http://www.wikidata.org/entity/Q21509847,Durante
http://www.wikidata.org/entity/Q21507573,Coonan
http://www.wikidata.org/entity/Q21492002,Bethell
http://www.wikidata.org/entity/Q36918460,Wyper
http://www.wikidata.org/entity/Q26926324,Florent
http://www.wikidata.org/entity/Q36897004,Bellwood
http://www.wikidata.org/entity/Q27258671,Doak
http://www.wikidata.org/entity/Q4254112,Lao
http://www.wikidata.org/entity/Q26905907,Malik
http://www.wikidata.org/entity/Q6801678,McKain
http://www.wikidata.org/entity/Q1470501,Frost
http://www.wikidata.org/entity/Q36967870,Mueck
http://www.wikidata.org/entity/Q16870463,Hamer
http://www.wikidata.org/entity/Q37243902,Barisic
http://www.wikidata.org/entity/Q21511172,McQuillan
http://www.wikidata.org/entity/Q28169303,Prichard
http://www.wikidata.org/entity/Q37321073,Dominik
http://www.wikidata.org/entity/Q37242760,Mohseni
http://www.wikidata.org/entity/Q36980066,Sherwin
http://www.wikidata.org/entity/Q13083721,Kim
http://www.wikidata.org/entity/Q16881414,Prince
http://www.wikidata.org/entity/Q16880593,Nugent
http://www.wikidata.org/entity/Q14629485,Manning
http://www.wikidata.org/entity/Q2080805,Petrov
http://www.wikidata.org/entity/Q2167274,Rosenthal
http://www.wikidata.org/entity/Q37253702,Malouf
http://www.wikidata.org/entity/Q36919816,Bownds
http://www.wikidata.org/entity/Q36906561,Shortland
http://www.wikidata.org/entity/Q18208581,Bracey
http://www.wikidata.org/entity/Q16876721,McQueen
http://www.wikidata.org/entity/Q16871302,Kay
http://www.wikidata.org/entity/Q37512666,Daisley
http://www.wikidata.org/entity/Q30669855,Collie
http://www.wikidata.org/entity/Q19607236,Cotton
http://www.wikidata.org/entity/Q16277998,Kirkpatrick
http://www.wikidata.org/entity/Q21446169,McMullen
http://www.wikidata.org/entity/Q37484624,Camenzind
http://www.wikidata.org/entity/Q16802361,Hallyday
http://www.wikidata.org/entity/Q20753721,Mealing
http://www.wikidata.org/entity/Q37524650,Burnside
http://www.wikidata.org/entity/Q37026965,Kame
http://www.wikidata.org/entity/Q36934362,Waites
http://www.wikidata.org/entity/Q2251389,Shulman
http://www.wikidata.org/entity/Q37105828,Baan
http://www.wikidata.org/entity/Q37476270,Hawton
http://www.wikidata.org/entity/Q37545301,Mooy
http://www.wikidata.org/entity/Q52065813,Zschech
http://www.wikidata.org/entity/Q37565995,McEwan
http://www.wikidata.org/entity/Q47169516,Blackley
http://www.wikidata.org/entity/Q4771950,Anthony
http://www.wikidata.org/entity/Q4153026,Gutnick
http://www.wikidata.org/entity/Q37557494,Ilie
http://www.wikidata.org/entity/Q16860087,Blanco
http://www.wikidata.org/entity/Q37481829,Furness
http://www.wikidata.org/entity/Q16864025,Truss
http://www.wikidata.org/entity/Q21452057,Hendry
http://www.wikidata.org/entity/Q3365064,Rao
http://www.wikidata.org/entity/Q50347359,Gregson
http://www.wikidata.org/entity/Q48801129,Oxspring
http://www.wikidata.org/entity/Q56245233,Spratt
http://www.wikidata.org/entity/Q7171353,Pescott
http://www.wikidata.org/entity/Q21449529,McCall
http://www.wikidata.org/entity/Q37549970,Scaffidi
http://www.wikidata.org/entity/Q7357497,Rodway
http://www.wikidata.org/entity/Q7653624,Swannell
http://www.wikidata.org/entity/Q16869744,Eadie
http://www.wikidata.org/entity/Q56037504,Whannell
http://www.wikidata.org/entity/Q21451035,MacKinnon
http://www.wikidata.org/entity/Q56537535,Arnison
http://www.wikidata.org/entity/Q56244376,Phipson
http://www.wikidata.org/entity/Q105991748,Lauterstein
http://www.wikidata.org/entity/Q21492084,Bracewell
http://www.wikidata.org/entity/Q16871412,Kingston
http://www.wikidata.org/entity/Q20519750,Golec
http://www.wikidata.org/entity/Q56245915,Balding
http://www.wikidata.org/entity/Q56246096,Lazaridis
http://www.wikidata.org/entity/Q98400094,Wiłkomirska
http://www.wikidata.org/entity/Q21507174,Quinlan
http://www.wikidata.org/entity/Q21491506,Drysdale
http://www.wikidata.org/entity/Q110415699,Imbruglia
http://www.wikidata.org/entity/Q21428219,Lawler
http://www.wikidata.org/entity/Q110751058,Markaw
http://www.wikidata.org/entity/Q115562686,Mauboy
http://www.wikidata.org/entity/Q130644564,Lesnie
http://www.wikidata.org/entity/Q131136301,von Guerard
http://www.wikidata.org/entity/Q110320990,Bozanic
http://www.wikidata.org/entity/Q105537342,Pottharst
http://www.wikidata.org/entity/Q21492329,Storer
http://www.wikidata.org/entity/Q15208210,Francis
http://www.wikidata.org/entity/Q21492478,Michaels
http://www.wikidata.org/entity/Q21491595,Troisi
http://www.wikidata.org/entity/Q135650510,Didulica
http://www.wikidata.org/entity/Q117352445,Broben
http://www.wikidata.org/entity/Q27203748,Herald
http://www.wikidata.org/entity/Q29641237,Newbold
http://www.wikidata.org/entity/Q21510283,Barassi
http://www.wikidata.org/entity/Q21513336,O'Keeffe
http://www.wikidata.org/entity/Q21492970,Corser
http://www.wikidata.org/entity/Q21506751,MacKay
http://www.wikidata.org/entity/Q21507931,Pease
http://www.wikidata.org/entity/Q37160314,Rasheed
http://www.wikidata.org/entity/Q15924427,English
http://www.wikidata.org/entity/Q24957924,Cambage
http://www.wikidata.org/entity/Q21507692,Steffensen
http://www.wikidata.org/entity/Q27941345,Lorenc
http://www.wikidata.org/entity/Q2667762,Chase
http://www.wikidata.org/entity/Q16860338,Brain
http://www.wikidata.org/entity/Q29652752,Grigg
http://www.wikidata.org/entity/Q30668999,Bracks
http://www.wikidata.org/entity/Q37238971,Fava
http://www.wikidata.org/entity/Q37060447,Furze
http://www.wikidata.org/entity/Q37183619,Mailman
http://www.wikidata.org/entity/Q16865327,Calver
http://www.wikidata.org/entity/Q37452458,Landeta
http://www.wikidata.org/entity/Q37496529,Manfield
http://www.wikidata.org/entity/Q5874279,Hoadley
http://www.wikidata.org/entity/Q37300166,Dunkerton
http://www.wikidata.org/entity/Q1703599,Jordan
http://www.wikidata.org/entity/Q30307749,Gomes
http://www.wikidata.org/entity/Q37500779,Finau
http://www.wikidata.org/entity/Q48587060,Frawley
http://www.wikidata.org/entity/Q2553244,Weatherill
http://www.wikidata.org/entity/Q37503284,Southcott
http://www.wikidata.org/entity/Q5207947,Daddo
http://www.wikidata.org/entity/Q39312520,Nerdal
http://www.wikidata.org/entity/Q6833447,Burrows
http://www.wikidata.org/entity/Q6801871,McKew
http://www.wikidata.org/entity/Q37262892,Corin
http://www.wikidata.org/entity/Q16870289,Greco
http://www.wikidata.org/entity/Q5088814,Cheah
http://www.wikidata.org/entity/Q36958415,Jarratt
http://www.wikidata.org/entity/Q37254579,Ryles
http://www.wikidata.org/entity/Q6394227,Kernot
http://www.wikidata.org/entity/Q7116611,Ozols
http://www.wikidata.org/entity/Q37569952,Sidey
http://www.wikidata.org/entity/Q63315492,Cazneau
http://www.wikidata.org/entity/Q6799902,McAll
http://www.wikidata.org/entity/Q124498876,Tuynman
http://www.wikidata.org/entity/Q7193876,Pileggi
http://www.wikidata.org/entity/Q56540296,Poidevin
http://www.wikidata.org/entity/Q10534294,Cheney
http://www.wikidata.org/entity/Q16883383,Sissons
http://www.wikidata.org/entity/Q37479060,Slee
http://www.wikidata.org/entity/Q18536476,Cornelius
http://www.wikidata.org/entity/Q37451104,Welborn
http://www.wikidata.org/entity/Q37286825,Coenen
http://www.wikidata.org/entity/Q12798029,Osborne
http://www.wikidata.org/entity/Q37515335,Wurm
http://www.wikidata.org/entity/Q37500748,Pateras
http://www.wikidata.org/entity/Q5416099,Evatt
http://www.wikidata.org/entity/Q15709639,Whitehead
http://www.wikidata.org/entity/Q16865667,Coffey
http://www.wikidata.org/entity/Q13553910,McShane
http://www.wikidata.org/entity/Q41210922,Vieri
http://www.wikidata.org/entity/Q37520698,Porteous
http://www.wikidata.org/entity/Q37526260,Tran
http://www.wikidata.org/entity/Q19829977,Holten
http://www.wikidata.org/entity/Q1438185,Forshaw
http://www.wikidata.org/entity/Q1400993,Feeney
http://www.wikidata.org/entity/Q20997637,Playfair
http://www.wikidata.org/entity/Q73627310,Giacoppo
http://www.wikidata.org/entity/Q12795954,Marković
http://www.wikidata.org/entity/Q13632220,Christie
http://www.wikidata.org/entity/Q97637417,Shipard
http://www.wikidata.org/entity/Q16479293,Abernethy
http://www.wikidata.org/entity/Q16479362,Anstey
http://www.wikidata.org/entity/Q75735571,Breinl
http://www.wikidata.org/entity/Q15635585,Qiu
http://www.wikidata.org/entity/Q55579377,Blainey
http://www.wikidata.org/entity/Q16883852,Stillman
http://www.wikidata.org/entity/Q61627923,Testoni
http://www.wikidata.org/entity/Q16871148,Jay
http://www.wikidata.org/entity/Q16882155,Robson
http://www.wikidata.org/entity/Q16876614,Maynard
http://www.wikidata.org/entity/Q21482732,Caratti
http://www.wikidata.org/entity/Q131447178,Bowrey
http://www.wikidata.org/entity/Q139908284,Milicic
http://www.wikidata.org/entity/Q99910168,Margheriti
http://www.wikidata.org/entity/Q126176125,Namatjira
http://www.wikidata.org/entity/Q21450724,Chatman
http://www.wikidata.org/entity/Q15789615,Brady
http://www.wikidata.org/entity/Q1791251,Kuhn
http://www.wikidata.org/entity/Q21482594,Lombard
http://www.wikidata.org/entity/Q21449975,Grandison
http://www.wikidata.org/entity/Q900084,Brauer
http://www.wikidata.org/entity/Q21488855,Jennings
http://www.wikidata.org/entity/Q21481560,Harpur
http://www.wikidata.org/entity/Q21507817,Henneman
http://www.wikidata.org/entity/Q21491357,Foy
http://www.wikidata.org/entity/Q16479628,Behrend
http://www.wikidata.org/entity/Q16833615,Downey
http://www.wikidata.org/entity/Q26250782,Edwardes
http://www.wikidata.org/entity/Q980636,García
http://www.wikidata.org/entity/Q21452095,McCreight
http://www.wikidata.org/entity/Q16479909,Barwick
http://www.wikidata.org/entity/Q16519550,Vajda
http://www.wikidata.org/entity/Q23296735,Devine
http://www.wikidata.org/entity/Q16865829,Crabtree
http://www.wikidata.org/entity/Q21507622,Schultz
http://www.wikidata.org/entity/Q21494300,Limberger
http://www.wikidata.org/entity/Q28946763,Lascelles
http://www.wikidata.org/entity/Q29575557,Moule
http://www.wikidata.org/entity/Q21493218,Grossman
http://www.wikidata.org/entity/Q21492882,Hristov
http://www.wikidata.org/entity/Q6802758,McWatters
http://www.wikidata.org/entity/Q37216471,Cottee
http://www.wikidata.org/entity/Q37176184,Colwell
http://www.wikidata.org/entity/Q16870225,Goldie
http://www.wikidata.org/entity/Q1175589,Waters
http://www.wikidata.org/entity/Q21507877,Mann
http://www.wikidata.org/entity/Q37518703,Batch
http://www.wikidata.org/entity/Q37455012,Toop
http://www.wikidata.org/entity/Q5606487,Gregg
http://www.wikidata.org/entity/Q16869764,Eddington
http://www.wikidata.org/entity/Q37471558,Uman
http://www.wikidata.org/entity/Q2939750,Carnell
http://www.wikidata.org/entity/Q7430330,Scarce
http://www.wikidata.org/entity/Q16869749,Earle
http://www.wikidata.org/entity/Q11680149,Barnard
http://www.wikidata.org/entity/Q37488532,Szanto
http://www.wikidata.org/entity/Q51884137,Fiora
http://www.wikidata.org/entity/Q21507745,Rafferty
http://www.wikidata.org/entity/Q56037524,De Araugo
http://www.wikidata.org/entity/Q21513038,Done
http://www.wikidata.org/entity/Q16884323,Tate
http://www.wikidata.org/entity/Q37477858,Kearney
http://www.wikidata.org/entity/Q16883139,Sharpe
http://www.wikidata.org/entity/Q56540164,Paramonov
http://www.wikidata.org/entity/Q106967461,Kutsuna
http://www.wikidata.org/entity/Q55692710,Sliusarenko
http://www.wikidata.org/entity/Q2420245,Thesiger
http://www.wikidata.org/entity/Q24231903,Lester
http://www.wikidata.org/entity/Q36905984,Sefton
http://www.wikidata.org/entity/Q123758992,Blabey
http://www.wikidata.org/entity/Q122232863,Abdel-Fattah
http://www.wikidata.org/entity/Q17126171,Waller
http://www.wikidata.org/entity/Q17144396,Welch
http://www.wikidata.org/entity/Q28753317,Leonardi
http://www.wikidata.org/entity/Q111476548,Shmith
http://www.wikidata.org/entity/Q29471844,Allan
http://www.wikidata.org/entity/Q1175149,Wessels
http://www.wikidata.org/entity/Q36937912,Bowery
http://www.wikidata.org/entity/Q16479491,Argent
http://www.wikidata.org/entity/Q37077639,Scrivener
http://www.wikidata.org/entity/Q37181192,Rendina
http://www.wikidata.org/entity/Q16865352,Cantwell
http://www.wikidata.org/entity/Q37272924,Manon
http://www.wikidata.org/entity/Q18609571,Stella
http://www.wikidata.org/entity/Q37329784,Duguid
http://www.wikidata.org/entity/Q37490620,Chugg
http://www.wikidata.org/entity/Q37505714,Fitzsimmons
http://www.wikidata.org/entity/Q3607858,Albanese
http://www.wikidata.org/entity/Q37502966,Praeger
http://www.wikidata.org/entity/Q7830971,Tozer
http://www.wikidata.org/entity/Q5950563,Hutchence
http://www.wikidata.org/entity/Q7928139,Vidošić
http://www.wikidata.org/entity/Q37568118,Brazzale
http://www.wikidata.org/entity/Q1627964,Horan
http://www.wikidata.org/entity/Q4868723,Batchelor
http://www.wikidata.org/entity/Q16871372,Kidd
http://www.wikidata.org/entity/Q16880650,O'Connell
http://www.wikidata.org/entity/Q20164022,O'Malley
http://www.wikidata.org/entity/Q5181800,Crake
http://www.wikidata.org/entity/Q37562817,Grenda
http://www.wikidata.org/entity/Q56027816,Vogels
http://www.wikidata.org/entity/Q21493330,Debenham
http://www.wikidata.org/entity/Q21508242,Hetherington
http://www.wikidata.org/entity/Q21507476,Provan
http://www.wikidata.org/entity/Q56245253,Legh
http://www.wikidata.org/entity/Q139005861,Runnegar
http://www.wikidata.org/entity/Q56538065,Craske
http://www.wikidata.org/entity/Q56259752,Crewes
http://www.wikidata.org/entity/Q21428405,Bianchini
http://www.wikidata.org/entity/Q16833398,Biddle
http://www.wikidata.org/entity/Q136704079,Botev
http://www.wikidata.org/entity/Q106848347,Currenti
http://www.wikidata.org/entity/Q21492848,Cator
http://www.wikidata.org/entity/Q21497115,O'Donnell
http://www.wikidata.org/entity/Q29573224,Merriman
http://www.wikidata.org/entity/Q16850979,Judah
http://www.wikidata.org/entity/Q16860271,Bosnich
http://www.wikidata.org/entity/Q6523505,Leo
http://www.wikidata.org/entity/Q21507400,Grech
http://www.wikidata.org/entity/Q16870258,Gorton
http://www.wikidata.org/entity/Q16869593,Docker
http://www.wikidata.org/entity/Q29617069,Gillen
http://www.wikidata.org/entity/Q16884163,Taggart
http://www.wikidata.org/entity/Q29698156,Farrer
http://www.wikidata.org/entity/Q36918210,Gambles
http://www.wikidata.org/entity/Q6801659,McIsaac
http://www.wikidata.org/entity/Q7365444,Ronaldson
http://www.wikidata.org/entity/Q37269710,Theo
http://www.wikidata.org/entity/Q7041527,Nitschke
http://www.wikidata.org/entity/Q2128523,Raines
http://www.wikidata.org/entity/Q7115184,Oxenford
http://www.wikidata.org/entity/Q30669490,Rippon
http://www.wikidata.org/entity/Q36959946,Pila
http://www.wikidata.org/entity/Q30525335,Weintraub
http://www.wikidata.org/entity/Q37551609,Border
http://www.wikidata.org/entity/Q37550773,Coppel
http://www.wikidata.org/entity/Q30128762,Chin
http://www.wikidata.org/entity/Q29510820,Petyarre
http://www.wikidata.org/entity/Q17057482,Woodbridge
http://www.wikidata.org/entity/Q16882331,Roxburgh
http://www.wikidata.org/entity/Q37006670,Warby
http://www.wikidata.org/entity/Q37537100,Follett
http://www.wikidata.org/entity/Q37247347,Janisch
http://www.wikidata.org/entity/Q10471460,Dickinson
http://www.wikidata.org/entity/Q37476163,Schryver
http://www.wikidata.org/entity/Q37433112,Papademetriou
http://www.wikidata.org/entity/Q63457362,de Groot
http://www.wikidata.org/entity/Q18572439,Clifford
http://www.wikidata.org/entity/Q37563453,Beltz
http://www.wikidata.org/entity/Q18070772,Pierre
http://www.wikidata.org/entity/Q37469101,Sher
http://www.wikidata.org/entity/Q37454322,Moyal
http://www.wikidata.org/entity/Q21449885,Semple
http://www.wikidata.org/entity/Q64027261,Yunupingu
http://www.wikidata.org/entity/Q66808862,de Moraes
http://www.wikidata.org/entity/Q83388436,Tambouras
http://www.wikidata.org/entity/Q21475484,Eyles
http://www.wikidata.org/entity/Q21452143,Johansen
http://www.wikidata.org/entity/Q37467577,Lizotte
http://www.wikidata.org/entity/Q51077316,Lauterer
http://www.wikidata.org/entity/Q37476874,Singles
http://www.wikidata.org/entity/Q37440865,Schmeisser
http://www.wikidata.org/entity/Q37517312,Frankie
http://www.wikidata.org/entity/Q101831291,Wilson-Smith
http://www.wikidata.org/entity/Q13560386,Farrell
http://www.wikidata.org/entity/Q87724992,De Amicis
http://www.wikidata.org/entity/Q55762331,Bevilaqua
http://www.wikidata.org/entity/Q105498572,Salingaros
http://www.wikidata.org/entity/Q125498126,Rebell
http://www.wikidata.org/entity/Q431274,Glover
http://www.wikidata.org/entity/Q138705660,Muggleston
http://www.wikidata.org/entity/Q15224082,McCormick
http://www.wikidata.org/entity/Q21482559,Healy
http://www.wikidata.org/entity/Q56537722,Bertolacci
http://www.wikidata.org/entity/Q5184092,Cremin
http://www.wikidata.org/entity/Q16860306,Bowman
http://www.wikidata.org/entity/Q84032400,Lebedew
http://www.wikidata.org/entity/Q83377937,Rosenmayr
http://www.wikidata.org/entity/Q106120919,Reindler
http://www.wikidata.org/entity/Q5975091,Cockburn
http://www.wikidata.org/entity/Q7242711,Priddis
http://www.wikidata.org/entity/Q87184655,Wolfers
http://www.wikidata.org/entity/Q21501893,Andersen
http://www.wikidata.org/entity/Q21492205,Gilchrist
http://www.wikidata.org/entity/Q21491942,O'Loughlin
http://www.wikidata.org/entity/Q16860065,Blackwell
http://www.wikidata.org/entity/Q99576362,Wajcman
http://www.wikidata.org/entity/Q91059038,Nicolaides
http://www.wikidata.org/entity/Q725719,Ashley
http://www.wikidata.org/entity/Q21501738,Wilder
http://www.wikidata.org/entity/Q11927467,Yates
http://www.wikidata.org/entity/Q1904337,McManus
http://www.wikidata.org/entity/Q23045932,Federici
http://www.wikidata.org/entity/Q23023859,Hull
http://www.wikidata.org/entity/Q123670637,Nyirati
http://www.wikidata.org/entity/Q16860475,Britten
http://www.wikidata.org/entity/Q12790806,Haydon
http://www.wikidata.org/entity/Q16864277,Midwinter
http://www.wikidata.org/entity/Q16876706,McKinley
http://www.wikidata.org/entity/Q29179325,Elliot
http://www.wikidata.org/entity/Q27889156,Pilecki
http://www.wikidata.org/entity/Q16881319,Pollock
http://www.wikidata.org/entity/Q19385118,Parr
http://www.wikidata.org/entity/Q13583489,Brock
http://www.wikidata.org/entity/Q28833758,Pankhurst
http://www.wikidata.org/entity/Q12803176,Spindler
http://www.wikidata.org/entity/Q36612390,Wooldridge
http://www.wikidata.org/entity/Q15079696,Carson
http://www.wikidata.org/entity/Q36897514,Irving
http://www.wikidata.org/entity/Q1441541,Lalor
http://www.wikidata.org/entity/Q21448130,Keir
http://www.wikidata.org/entity/Q17064726,Whitaker
http://www.wikidata.org/entity/Q21488340,Parnell
http://www.wikidata.org/entity/Q36968847,Simcoe
http://www.wikidata.org/entity/Q16166336,Cowan
http://www.wikidata.org/entity/Q36910518,Popovic
http://www.wikidata.org/entity/Q16882578,Sampson
http://www.wikidata.org/entity/Q16881971,Redman
http://www.wikidata.org/entity/Q37441526,Hauschildt
http://www.wikidata.org/entity/Q28933273,Ure
http://www.wikidata.org/entity/Q28226010,Dutton
http://www.wikidata.org/entity/Q16256389,Beckett
http://www.wikidata.org/entity/Q37278874,Hanley
http://www.wikidata.org/entity/Q16479860,Angus
http://www.wikidata.org/entity/Q16479788,Bamford
http://www.wikidata.org/entity/Q17121278,Wilmot
http://www.wikidata.org/entity/Q37507055,Jongewaard
http://www.wikidata.org/entity/Q36879295,Dermody
http://www.wikidata.org/entity/Q20995841,Billings
http://www.wikidata.org/entity/Q16865374,Cardy
http://www.wikidata.org/entity/Q37525243,Basil
http://www.wikidata.org/entity/Q16865623,Clements
http://www.wikidata.org/entity/Q37556410,Luczak
http://www.wikidata.org/entity/Q17144607,Waterhouse
http://www.wikidata.org/entity/Q21475467,Başer
http://www.wikidata.org/entity/Q37528176,Ingley
http://www.wikidata.org/entity/Q1755469,Huber
http://www.wikidata.org/entity/Q37536117,Valeri
http://www.wikidata.org/entity/Q21491431,Campese
http://www.wikidata.org/entity/Q16915413,Vine
http://www.wikidata.org/entity/Q47830853,Duigan
http://www.wikidata.org/entity/Q24952949,Duggan
http://www.wikidata.org/entity/Q61012548,Heysen
http://www.wikidata.org/entity/Q58138418,Duyker
http://www.wikidata.org/entity/Q24755379,Bail
http://www.wikidata.org/entity/Q21491163,Finney
http://www.wikidata.org/entity/Q16869813,Ellwood
http://www.wikidata.org/entity/Q6520230,Leishman
http://www.wikidata.org/entity/Q21509829,Duffin
http://www.wikidata.org/entity/Q21448928,Conroy
http://www.wikidata.org/entity/Q19768159,Kerry
http://www.wikidata.org/entity/Q94770856,Woodforde
http://www.wikidata.org/entity/Q50333152,Dalitz
http://www.wikidata.org/entity/Q106354005,Cykiert
http://www.wikidata.org/entity/Q27259183,Trott
http://www.wikidata.org/entity/Q131417078,Hensby
http://www.wikidata.org/entity/Q117218414,Spithill
http://www.wikidata.org/entity/Q101439609,Gleitzman
http://www.wikidata.org/entity/Q5051765,Catchpole
http://www.wikidata.org/entity/Q13560595,Head
http://www.wikidata.org/entity/Q27490773,Bentinck
http://www.wikidata.org/entity/Q14626636,Levy
http://www.wikidata.org/entity/Q28800758,O'Rourke
http://www.wikidata.org/entity/Q16479486,Bellamy
http://www.wikidata.org/entity/Q21491971,Rymer
http://www.wikidata.org/entity/Q13554167,Miao
http://www.wikidata.org/entity/Q21492294,Cadell
http://www.wikidata.org/entity/Q5649007,Hannam
http://www.wikidata.org/entity/Q16865166,Bunting
http://www.wikidata.org/entity/Q21493692,Renzi
http://www.wikidata.org/entity/Q16865132,Bugg
http://www.wikidata.org/entity/Q16865147,Bullock
http://www.wikidata.org/entity/Q16870883,Horne
http://www.wikidata.org/entity/Q37457298,Kelaher
http://www.wikidata.org/entity/Q37446911,Khawaja
http://www.wikidata.org/entity/Q16870340,Grundy
http://www.wikidata.org/entity/Q11003143,Clinton
http://www.wikidata.org/entity/Q21507251,Aguiar
http://www.wikidata.org/entity/Q7796393,Thornett
http://www.wikidata.org/entity/Q29830303,Foxe
http://www.wikidata.org/entity/Q21511069,Dobson
http://www.wikidata.org/entity/Q12042571,Olsen
http://www.wikidata.org/entity/Q26161795,Palov
http://www.wikidata.org/entity/Q16865832,Craft
http://www.wikidata.org/entity/Q37519560,Pengilly
http://www.wikidata.org/entity/Q37004116,Courtier
http://www.wikidata.org/entity/Q1719303,Steiner
http://www.wikidata.org/entity/Q1307544,Guilfoyle
http://www.wikidata.org/entity/Q24438043,Pine
http://www.wikidata.org/entity/Q16876732,Meagher
http://www.wikidata.org/entity/Q37487445,Pew
http://www.wikidata.org/entity/Q36935913,Sitch
http://www.wikidata.org/entity/Q37561291,Bowker
http://www.wikidata.org/entity/Q36872211,Beavis
http://www.wikidata.org/entity/Q30433436,Hearn
http://www.wikidata.org/entity/Q56244815,Matterson
http://www.wikidata.org/entity/Q18324595,Fainga'a
http://www.wikidata.org/entity/Q76505206,Krejza
http://www.wikidata.org/entity/Q37050058,Sultan
http://www.wikidata.org/entity/Q37479925,Ruffle
http://www.wikidata.org/entity/Q124636254,Cassar-Daley
http://www.wikidata.org/entity/Q116456322,Rechichi
http://www.wikidata.org/entity/Q12800852,Selby
http://www.wikidata.org/entity/Q37030880,Sandow
http://www.wikidata.org/entity/Q19921272,Bancroft
http://www.wikidata.org/entity/Q37514727,Smerdon
http://www.wikidata.org/entity/Q37496173,Hollands
http://www.wikidata.org/entity/Q46955611,Gynther
http://www.wikidata.org/entity/Q37551293,Mountford
http://www.wikidata.org/entity/Q15635405,Baird
http://www.wikidata.org/entity/Q55549765,Lochland
http://www.wikidata.org/entity/Q15229897,Leigh
http://www.wikidata.org/entity/Q21072886,Neilsen
http://www.wikidata.org/entity/Q40101358,Yang
http://www.wikidata.org/entity/Q87200304,MacPherson
http://www.wikidata.org/entity/Q61120272,Endzelīns
http://www.wikidata.org/entity/Q202884,Zikaras
http://www.wikidata.org/entity/Q137962237,Rackemann
http://www.wikidata.org/entity/Q121590151,Tapai
http://www.wikidata.org/entity/Q16870533,Harrington
http://www.wikidata.org/entity/Q16833401,Bidwill
http://www.wikidata.org/entity/Q5455208,Fison
http://www.wikidata.org/entity/Q6802428,McMurtrie
http://www.wikidata.org/entity/Q12774127,Polgár
http://www.wikidata.org/entity/Q21482827,Heyward
http://www.wikidata.org/entity/Q16282629,Willard
http://www.wikidata.org/entity/Q16827773,Connolly
http://www.wikidata.org/entity/Q16282084,Thurston
http://www.wikidata.org/entity/Q9182324,Bury
http://www.wikidata.org/entity/Q21491713,Ioane
http://www.wikidata.org/entity/Q16870944,Huxley
http://www.wikidata.org/entity/Q16872027,Leighton
http://www.wikidata.org/entity/Q6800734,McCue
http://www.wikidata.org/entity/Q1622710,Hodgson
http://www.wikidata.org/entity/Q16876462,Marks
http://www.wikidata.org/entity/Q16876247,Magee
http://www.wikidata.org/entity/Q16870817,Hodges
http://www.wikidata.org/entity/Q21492027,Blenkinsop
http://www.wikidata.org/entity/Q16880366,Nightingale
http://www.wikidata.org/entity/Q12800227,Ritchie
http://www.wikidata.org/entity/Q21493989,Siewert
http://www.wikidata.org/entity/Q13552862,Boardman
http://www.wikidata.org/entity/Q23542895,Bradford
http://www.wikidata.org/entity/Q13560243,Tanner
http://www.wikidata.org/entity/Q25114659,Spender
http://www.wikidata.org/entity/Q16883776,Stanton
http://www.wikidata.org/entity/Q2308143,Specht
http://www.wikidata.org/entity/Q1557438,Schubert
http://www.wikidata.org/entity/Q15242576,Lin
http://www.wikidata.org/entity/Q28049812,Kruszelnicki
http://www.wikidata.org/entity/Q16886993,Devereux
http://www.wikidata.org/entity/Q1691005,Jocelyn
http://www.wikidata.org/entity/Q36864594,Kriz
http://www.wikidata.org/entity/Q1699018,Johansson
http://www.wikidata.org/entity/Q16275674,Emery
http://www.wikidata.org/entity/Q16279729,Morley
http://www.wikidata.org/entity/Q28194320,Lowry
http://www.wikidata.org/entity/Q36889076,Leven
http://www.wikidata.org/entity/Q16799066,Haliti
http://www.wikidata.org/entity/Q16876637,McArthur
http://www.wikidata.org/entity/Q21430784,Cade
http://www.wikidata.org/entity/Q21451979,Marangon
http://www.wikidata.org/entity/Q3196050,Khamis
http://www.wikidata.org/entity/Q18607854,Solomon
http://www.wikidata.org/entity/Q20997154,Leach
http://www.wikidata.org/entity/Q37164360,Stephensen
http://www.wikidata.org/entity/Q37192787,Junaid
http://www.wikidata.org/entity/Q36924228,Aspinall
http://www.wikidata.org/entity/Q21488885,Brass
http://www.wikidata.org/entity/Q5000538,Burry
http://www.wikidata.org/entity/Q36892658,Antonie
http://www.wikidata.org/entity/Q21497119,O'Farrell
http://www.wikidata.org/entity/Q21493777,Chaffer
http://www.wikidata.org/entity/Q37448196,Grinter
http://www.wikidata.org/entity/Q21493475,Bawden
http://www.wikidata.org/entity/Q21491490,McCallum
http://www.wikidata.org/entity/Q37205735,Keat
http://www.wikidata.org/entity/Q6802693,McShea
http://www.wikidata.org/entity/Q5714014,Hendriks
http://www.wikidata.org/entity/Q16882071,Richmond
http://www.wikidata.org/entity/Q37259936,Miao
http://www.wikidata.org/entity/Q24230076,Troop
http://www.wikidata.org/entity/Q4518065,Chong
http://www.wikidata.org/entity/Q21502276,Sharkey
http://www.wikidata.org/entity/Q37564808,Neylan
http://www.wikidata.org/entity/Q26905786,Eve
http://www.wikidata.org/entity/Q37480582,Coulthard
http://www.wikidata.org/entity/Q21450417,Hore
http://www.wikidata.org/entity/Q21500882,Wyatt
http://www.wikidata.org/entity/Q6275608,Jonkers
http://www.wikidata.org/entity/Q12800503,Rudan
http://www.wikidata.org/entity/Q21493431,Bannon
http://www.wikidata.org/entity/Q41711209,Higginbotham
http://www.wikidata.org/entity/Q5617770,Gullett
http://www.wikidata.org/entity/Q37548462,Phipps
http://www.wikidata.org/entity/Q27355703,Eden
http://www.wikidata.org/entity/Q37487948,Tindale
http://www.wikidata.org/entity/Q32856225,Howson
http://www.wikidata.org/entity/Q28150677,Rudolph
http://www.wikidata.org/entity/Q7925308,Vickerman
http://www.wikidata.org/entity/Q7664595,Szeps
http://www.wikidata.org/entity/Q36860252,Cudmore
http://www.wikidata.org/entity/Q12805306,Vaughan
http://www.wikidata.org/entity/Q105247799,Cavalho
http://www.wikidata.org/entity/Q117245379,Menelaus
http://www.wikidata.org/entity/Q123581808,Staight
http://www.wikidata.org/entity/Q13560407,Field
http://www.wikidata.org/entity/Q21509072,Breen
http://www.wikidata.org/entity/Q12184718,Fry
http://www.wikidata.org/entity/Q13571164,Morse
http://www.wikidata.org/entity/Q21507515,Carruthers
http://www.wikidata.org/entity/Q450129,Su
http://www.wikidata.org/entity/Q716212,Yuan
http://www.wikidata.org/entity/Q24088232,Sumegi
http://www.wikidata.org/entity/Q36952583,Priem
http://www.wikidata.org/entity/Q16466739,FitzGerald
http://www.wikidata.org/entity/Q25114231,Calderwood
http://www.wikidata.org/entity/Q37280571,Oh
http://www.wikidata.org/entity/Q37110138,Chapple
http://www.wikidata.org/entity/Q21511795,McCurdy
http://www.wikidata.org/entity/Q15220143,Tikal
http://www.wikidata.org/entity/Q37438441,Sunderland
http://www.wikidata.org/entity/Q16158399,Adamson
http://www.wikidata.org/entity/Q24232039,Isaac
http://www.wikidata.org/entity/Q37477087,Higgerson
http://www.wikidata.org/entity/Q37492965,Griffen
http://www.wikidata.org/entity/Q30315483,Singleton
http://www.wikidata.org/entity/Q16352846,Berezina
http://www.wikidata.org/entity/Q37496024,Loane
http://www.wikidata.org/entity/Q37450609,Archibald
http://www.wikidata.org/entity/Q37043205,Kirner
http://www.wikidata.org/entity/Q37553738,Piddington
http://www.wikidata.org/entity/Q16860309,Boyce
http://www.wikidata.org/entity/Q16867518,Ingpen
http://www.wikidata.org/entity/Q16865385,Carmichael
http://www.wikidata.org/entity/Q37556950,Hews
http://www.wikidata.org/entity/Q16479664,Andrew
http://www.wikidata.org/entity/Q16870705,Henriques
http://www.wikidata.org/entity/Q37455728,Perrow
http://www.wikidata.org/entity/Q56061998,Allenby
http://www.wikidata.org/entity/Q37499407,Wark
http://www.wikidata.org/entity/Q16864443,Nankervis
http://www.wikidata.org/entity/Q56245849,Cormann
http://www.wikidata.org/entity/Q56540203,Peiper
http://www.wikidata.org/entity/Q16871830,Langton
http://www.wikidata.org/entity/Q37523887,Haddy
http://www.wikidata.org/entity/Q56243676,Holzer
http://www.wikidata.org/entity/Q56168227,Tapsell
http://www.wikidata.org/entity/Q16865841,Crane
http://www.wikidata.org/entity/Q106402959,Jacenko
http://www.wikidata.org/entity/Q106478919,Bassingthwaighte
http://www.wikidata.org/entity/Q107484211,Cerutty
http://www.wikidata.org/entity/Q110966649,Jawai
http://www.wikidata.org/entity/Q16870615,Haynes
http://www.wikidata.org/entity/Q47872992,Cleary
http://www.wikidata.org/entity/Q37560798,MacGillivray
http://www.wikidata.org/entity/Q93781178,Electra
http://www.wikidata.org/entity/Q16883816,Stedman
http://www.wikidata.org/entity/Q55966291,Le Messurier
http://www.wikidata.org/entity/Q21491366,McBain
http://www.wikidata.org/entity/Q20743444,Ricklefs
http://www.wikidata.org/entity/Q16871090,Isaacs
http://www.wikidata.org/entity/Q16871304,Kaye
http://www.wikidata.org/entity/Q1158341,Molina
http://www.wikidata.org/entity/Q3985155,Testa
http://www.wikidata.org/entity/Q21492376,Quigley
http://www.wikidata.org/entity/Q16884002,Summerfield
http://www.wikidata.org/entity/Q16880460,Nixon
http://www.wikidata.org/entity/Q16876322,Mallard
http://www.wikidata.org/entity/Q56245631,Raper
http://www.wikidata.org/entity/Q4275961,McAuliffe
http://www.wikidata.org/entity/Q139479844,Kurzel
http://www.wikidata.org/entity/Q119493235,Rillie
http://www.wikidata.org/entity/Q21492500,Morahan
http://www.wikidata.org/entity/Q21492200,Gidley
http://www.wikidata.org/entity/Q1489261,Peyser
http://www.wikidata.org/entity/Q19844933,Buday
http://www.wikidata.org/entity/Q18324660,Hingert
http://www.wikidata.org/entity/Q21493689,Rawlings
http://www.wikidata.org/entity/Q5325460,Eales
http://www.wikidata.org/entity/Q18987420,Shepherd
http://www.wikidata.org/entity/Q21493223,Toomey
http://www.wikidata.org/entity/Q2168571,Roth
http://www.wikidata.org/entity/Q7685930,Targett
http://www.wikidata.org/entity/Q21476569,McAndrew
http://www.wikidata.org/entity/Q5385187,Erceg
http://www.wikidata.org/entity/Q21507768,Hassett
http://www.wikidata.org/entity/Q21450746,Tomlinson
http://www.wikidata.org/entity/Q21452375,Hibberd
http://www.wikidata.org/entity/Q1501169,Gemmell
http://www.wikidata.org/entity/Q1545549,Greiner
http://www.wikidata.org/entity/Q5565074,Giteau
http://www.wikidata.org/entity/Q11790649,Coker
http://www.wikidata.org/entity/Q21510740,Lindahl
http://www.wikidata.org/entity/Q1707301,Tyler
http://www.wikidata.org/entity/Q26479943,Asher
http://www.wikidata.org/entity/Q7082495,Okon
http://www.wikidata.org/entity/Q27229604,Sweeney
http://www.wikidata.org/entity/Q21487480,Basedow
http://www.wikidata.org/entity/Q2720681,Hudson
http://www.wikidata.org/entity/Q21491284,Boas
http://www.wikidata.org/entity/Q21488944,Hewson
http://www.wikidata.org/entity/Q4335693,Orbán
http://www.wikidata.org/entity/Q30669765,Tolo
http://www.wikidata.org/entity/Q1638721,Hurst
http://www.wikidata.org/entity/Q24464021,Rubinstein
http://www.wikidata.org/entity/Q23715858,Burn
http://www.wikidata.org/entity/Q28150754,Rupp
http://www.wikidata.org/entity/Q28797522,Towns
http://www.wikidata.org/entity/Q30307838,Caputo
http://www.wikidata.org/entity/Q36926443,Rutland
http://www.wikidata.org/entity/Q16479807,Barak
http://www.wikidata.org/entity/Q6799938,McAlpine
http://www.wikidata.org/entity/Q30947988,Herlitz
http://www.wikidata.org/entity/Q7259412,Pullar
http://www.wikidata.org/entity/Q37163575,Redhage
http://www.wikidata.org/entity/Q2106585,Potter
http://www.wikidata.org/entity/Q16842504,Hepburn
http://www.wikidata.org/entity/Q36928715,Prestwich
http://www.wikidata.org/entity/Q37307262,Daley
http://www.wikidata.org/entity/Q36868184,Hartill
http://www.wikidata.org/entity/Q37497029,Stolper
http://www.wikidata.org/entity/Q37013454,Noke
http://www.wikidata.org/entity/Q36992903,Kerridge
http://www.wikidata.org/entity/Q37311481,Kunce
http://www.wikidata.org/entity/Q16883875,Stones
http://www.wikidata.org/entity/Q48581933,Goullet
http://www.wikidata.org/entity/Q8003691,Willesee
http://www.wikidata.org/entity/Q17097783,Whitlock
http://www.wikidata.org/entity/Q12006209,Thorsen
http://www.wikidata.org/entity/Q37536192,Crino
http://www.wikidata.org/entity/Q37480983,Lasseter
http://www.wikidata.org/entity/Q55719495,Winneke
http://www.wikidata.org/entity/Q2703557,Grey
http://www.wikidata.org/entity/Q37544249,Redner
http://www.wikidata.org/entity/Q37473246,Andreacchio
http://www.wikidata.org/entity/Q16877002,Milburn
http://www.wikidata.org/entity/Q17284823,Pate
http://www.wikidata.org/entity/Q56245836,Tritton
http://www.wikidata.org/entity/Q5175135,Costigan
http://www.wikidata.org/entity/Q56254782,Burbury
http://www.wikidata.org/entity/Q13553908,McConnell
http://www.wikidata.org/entity/Q5655731,Hardcastle
http://www.wikidata.org/entity/Q5139540,Cockbain
http://www.wikidata.org/entity/Q112081520,Kosmina
http://www.wikidata.org/entity/Q114999370,Illmann
http://www.wikidata.org/entity/Q21428412,Moorehead
http://www.wikidata.org/entity/Q18331023,Horwill
http://www.wikidata.org/entity/Q11231408,Fischer
http://www.wikidata.org/entity/Q99908496,Dimitriades
http://www.wikidata.org/entity/Q7908467,Vagg
http://www.wikidata.org/entity/Q16516593,Novák
http://www.wikidata.org/entity/Q61747590,Püttmann
http://www.wikidata.org/entity/Q21449422,Sykes
http://www.wikidata.org/entity/Q37498125,Olley
http://www.wikidata.org/entity/Q37508063,Titus
http://www.wikidata.org/entity/Q16443535,Altman
http://www.wikidata.org/entity/Q924032,Devereaux
http://www.wikidata.org/entity/Q56422822,Godridge
http://www.wikidata.org/entity/Q7991768,Whatmore
http://www.wikidata.org/entity/Q21449580,Marić
http://www.wikidata.org/entity/Q86430594,Denysenko
http://www.wikidata.org/entity/Q105201537,Christidis
http://www.wikidata.org/entity/Q66685637,Farncomb
http://www.wikidata.org/entity/Q16869652,Downer
http://www.wikidata.org/entity/Q21450967,Michell
http://www.wikidata.org/entity/Q16870836,Hole
http://www.wikidata.org/entity/Q16870899,Hough
http://www.wikidata.org/entity/Q16869814,Elphinstone
http://www.wikidata.org/entity/Q21492226,Gobbo
http://www.wikidata.org/entity/Q16883536,Solari
http://www.wikidata.org/entity/Q851891,Bevis
http://www.wikidata.org/entity/Q889117,Bock
http://www.wikidata.org/entity/Q16884096,Swan
http://www.wikidata.org/entity/Q16937984,Whistler
http://www.wikidata.org/entity/Q1158195,Duncan
http://www.wikidata.org/entity/Q16931754,MacFarlane
http://www.wikidata.org/entity/Q16876873,Metcalf
http://www.wikidata.org/entity/Q27237735,Parks
http://www.wikidata.org/entity/Q21450097,Theile
http://www.wikidata.org/entity/Q20996548,Hirschfelder
http://www.wikidata.org/entity/Q21493438,Di Bella
http://www.wikidata.org/entity/Q27381055,Schaefer
http://www.wikidata.org/entity/Q21491137,Jonker
http://www.wikidata.org/entity/Q16865454,Cayley
http://www.wikidata.org/entity/Q21484504,McCaughey
http://www.wikidata.org/entity/Q16860208,Bomba
http://www.wikidata.org/entity/Q16479546,Barr
http://www.wikidata.org/entity/Q32856172,Durbridge
http://www.wikidata.org/entity/Q36963026,Kernaghan
http://www.wikidata.org/entity/Q21450848,Crawshay
http://www.wikidata.org/entity/Q21450095,Heffernan
http://www.wikidata.org/entity/Q21512224,Monckton
http://www.wikidata.org/entity/Q16877461,Mostyn
http://www.wikidata.org/entity/Q28800608,Beebe
http://www.wikidata.org/entity/Q37229616,Codey
http://www.wikidata.org/entity/Q21493558,Waggoner
http://www.wikidata.org/entity/Q2933437,Calabria
http://www.wikidata.org/entity/Q37440073,Vukovic
http://www.wikidata.org/entity/Q16870804,Hitchcock
http://www.wikidata.org/entity/Q37151975,Sculthorpe
http://www.wikidata.org/entity/Q27235787,Windsor
http://www.wikidata.org/entity/Q27037180,Dalrymple
http://www.wikidata.org/entity/Q18330993,Hodgskin
http://www.wikidata.org/entity/Q3866123,Mosley
http://www.wikidata.org/entity/Q36858301,Cory
http://www.wikidata.org/entity/Q37459830,Mulvey
http://www.wikidata.org/entity/Q30325197,Cernak
http://www.wikidata.org/entity/Q7839533,Treweek
http://www.wikidata.org/entity/Q37460802,Gambale
http://www.wikidata.org/entity/Q37014756,Constantin
http://www.wikidata.org/entity/Q37464056,Trimboli
http://www.wikidata.org/entity/Q21448007,Ackland
http://www.wikidata.org/entity/Q13552078,Armitage
http://www.wikidata.org/entity/Q37035076,Pagan
http://www.wikidata.org/entity/Q37528255,Opperman
http://www.wikidata.org/entity/Q21065973,Cohn
http://www.wikidata.org/entity/Q5073230,Chaplin
http://www.wikidata.org/entity/Q36901630,Iemma
http://www.wikidata.org/entity/Q37537931,Judd
http://www.wikidata.org/entity/Q37471078,Shelstad
http://www.wikidata.org/entity/Q21451972,Lunn
http://www.wikidata.org/entity/Q131446858,McKivat
http://www.wikidata.org/entity/Q56422969,Gosper
http://www.wikidata.org/entity/Q56886088,Unaipon
http://www.wikidata.org/entity/Q4291143,Merritt
http://www.wikidata.org/entity/Q13553585,Gold
http://www.wikidata.org/entity/Q37557854,Guerreiro
http://www.wikidata.org/entity/Q5272610,Dick
http://www.wikidata.org/entity/Q5195197,Curry
http://www.wikidata.org/entity/Q37527239,Arthurs
http://www.wikidata.org/entity/Q21491154,Jeffers
http://www.wikidata.org/entity/Q37114909,Lockyer
http://www.wikidata.org/entity/Q21507254,Ahern
http://www.wikidata.org/entity/Q37479985,Hazzard
http://www.wikidata.org/entity/Q37514928,Lassig
http://www.wikidata.org/entity/Q15042891,Muller
http://www.wikidata.org/entity/Q6932136,Muggleton
http://www.wikidata.org/entity/Q37518250,Lindenmayer
http://www.wikidata.org/entity/Q37559857,Blamey
http://www.wikidata.org/entity/Q16865164,Bunny
http://www.wikidata.org/entity/Q16276909,Holliday
http://www.wikidata.org/entity/Q16869742,Dyson
http://www.wikidata.org/entity/Q37567130,Chipp
http://www.wikidata.org/entity/Q21507590,Cronin
http://www.wikidata.org/entity/Q56031859,Weightman
http://www.wikidata.org/entity/Q21509478,Pini
http://www.wikidata.org/entity/Q89689571,Gamley
http://www.wikidata.org/entity/Q12664711,Mason
http://www.wikidata.org/entity/Q41009840,Anear
http://www.wikidata.org/entity/Q56433766,Kantilla
http://www.wikidata.org/entity/Q16877432,Morrow
http://www.wikidata.org/entity/Q28135859,Caton
http://www.wikidata.org/entity/Q16869881,Fairbanks
http://www.wikidata.org/entity/Q24085306,Shehadie
http://www.wikidata.org/entity/Q21513011,Maddison
http://www.wikidata.org/entity/Q28654382,Stafford
http://www.wikidata.org/entity/Q12787061,Clay
http://www.wikidata.org/entity/Q30242516,Heyman
http://www.wikidata.org/entity/Q862931,Billson
http://www.wikidata.org/entity/Q27876947,Adamczak
http://www.wikidata.org/entity/Q13553587,Goldsmith
http://www.wikidata.org/entity/Q17123568,Whyte
http://www.wikidata.org/entity/Q36969388,Novy
http://www.wikidata.org/entity/Q16833377,Best
http://www.wikidata.org/entity/Q16479730,Bain
http://www.wikidata.org/entity/Q108291764,Gurruwiwi
http://www.wikidata.org/entity/Q119620483,De Vis
http://www.wikidata.org/entity/Q120832021,Zdrilic
http://www.wikidata.org/entity/Q20995875,Bollinger
http://www.wikidata.org/entity/Q37148496,Pam
http://www.wikidata.org/entity/Q37060339,Carraro
http://www.wikidata.org/entity/Q37284799,Blick
http://www.wikidata.org/entity/Q37164239,Cowdrey
http://www.wikidata.org/entity/Q16865826,Cowper
http://www.wikidata.org/entity/Q16860620,Buckle
http://www.wikidata.org/entity/Q16395510,Kagan
http://www.wikidata.org/entity/Q21484663,Hardwick
http://www.wikidata.org/entity/Q16869655,Downton
http://www.wikidata.org/entity/Q37486189,Kanawati
http://www.wikidata.org/entity/Q2980412,Clyde
http://www.wikidata.org/entity/Q37563049,Fien
http://www.wikidata.org/entity/Q37525430,Atchison
http://www.wikidata.org/entity/Q37549159,Buczko
http://www.wikidata.org/entity/Q5604510,Greenshields
http://www.wikidata.org/entity/Q21484675,Brill
http://www.wikidata.org/entity/Q16870026,Frew
http://www.wikidata.org/entity/Q3733209,Esposito
http://www.wikidata.org/entity/Q1719790,Wenzel
http://www.wikidata.org/entity/Q6766392,Mark
http://www.wikidata.org/entity/Q7047403,Noffke
http://www.wikidata.org/entity/Q7535276,Skilton
http://www.wikidata.org/entity/Q21512001,Waite
http://www.wikidata.org/entity/Q5455503,Fittler
http://www.wikidata.org/entity/Q7192698,Piesse
http://www.wikidata.org/entity/Q37566859,Jolly
http://www.wikidata.org/entity/Q21502326,Ablett
http://www.wikidata.org/entity/Q25165822,Dewhurst
http://www.wikidata.org/entity/Q54871088,Enright
http://www.wikidata.org/entity/Q40543969,Ramadani
http://www.wikidata.org/entity/Q25858074,Gallop
http://www.wikidata.org/entity/Q21510527,Hardie
http://www.wikidata.org/entity/Q17128250,Ware
http://www.wikidata.org/entity/Q56243665,Wynn
http://www.wikidata.org/entity/Q55646335,Eppelstun
http://www.wikidata.org/entity/Q54851028,Pyke
http://www.wikidata.org/entity/Q20745569,Klose
http://www.wikidata.org/entity/Q21494542,Niemeyer
http://www.wikidata.org/entity/Q21508222,Worrell
http://www.wikidata.org/entity/Q21452543,Biggs
http://www.wikidata.org/entity/Q56244922,Novosel
http://www.wikidata.org/entity/Q56436350,Farr-Jones
http://www.wikidata.org/entity/Q21452609,Cripps
http://www.wikidata.org/entity/Q19014728,Colin
http://www.wikidata.org/entity/Q21488913,Witting
http://www.wikidata.org/entity/Q21449619,Mizzi
http://www.wikidata.org/entity/Q13560342,Wall
http://www.wikidata.org/entity/Q15058966,Bevilacqua
http://www.wikidata.org/entity/Q105532731,Dendoune
http://www.wikidata.org/entity/Q117303576,Zogu
http://www.wikidata.org/entity/Q119522397,Leunig
http://www.wikidata.org/entity/Q21484692,Neilson
http://www.wikidata.org/entity/Q30220836,Edds
http://www.wikidata.org/entity/Q21493732,Sainsbury
http://www.wikidata.org/entity/Q30669559,Lackey
http://www.wikidata.org/entity/Q4340936,O'Shaughnessy
http://www.wikidata.org/entity/Q15697431,Yeats
http://www.wikidata.org/entity/Q16816723,Ewan
http://www.wikidata.org/entity/Q21507314,Winters
http://www.wikidata.org/entity/Q16865587,Churchill
http://www.wikidata.org/entity/Q30669697,Brumby
http://www.wikidata.org/entity/Q36916034,Auelua
http://www.wikidata.org/entity/Q26267122,Coote
http://www.wikidata.org/entity/Q36873322,Winterstein
http://www.wikidata.org/entity/Q21494119,Frid
http://www.wikidata.org/entity/Q36942565,Larwood
http://www.wikidata.org/entity/Q4810879,Astill
http://www.wikidata.org/entity/Q37038022,Follas
http://www.wikidata.org/entity/Q28657302,Halliday
http://www.wikidata.org/entity/Q28157148,Robins
http://www.wikidata.org/entity/Q5435709,Farmer
http://www.wikidata.org/entity/Q16870052,Fulton
http://www.wikidata.org/entity/Q37321212,Nanson
http://www.wikidata.org/entity/Q37221966,Hollows
http://www.wikidata.org/entity/Q6800243,McCauley
http://www.wikidata.org/entity/Q16868219,Morehead
http://www.wikidata.org/entity/Q30128396,Tong
http://www.wikidata.org/entity/Q16881204,Pickett
http://www.wikidata.org/entity/Q16870148,Gee
http://www.wikidata.org/entity/Q36908192,Simper
http://www.wikidata.org/entity/Q37025270,Korner
http://www.wikidata.org/entity/Q37019519,Bowering
http://www.wikidata.org/entity/Q37233573,Renfrew
http://www.wikidata.org/entity/Q7299382,Rayson
http://www.wikidata.org/entity/Q7425984,Satchwell
http://www.wikidata.org/entity/Q6800421,McClymont
http://www.wikidata.org/entity/Q37242974,Constance
http://www.wikidata.org/entity/Q37066335,Dry
http://www.wikidata.org/entity/Q37114863,Bews
http://www.wikidata.org/entity/Q37121509,Eikmeier
http://www.wikidata.org/entity/Q6802623,McQuade
http://www.wikidata.org/entity/Q37042584,Embley
http://www.wikidata.org/entity/Q37258760,Lohrey
http://www.wikidata.org/entity/Q12191165,Pike
http://www.wikidata.org/entity/Q37439442,Moshinsky
http://www.wikidata.org/entity/Q4469999,Wilkie
http://www.wikidata.org/entity/Q4392254,Redford
http://www.wikidata.org/entity/Q20997295,Maslin
http://www.wikidata.org/entity/Q37443851,Kokkinos
http://www.wikidata.org/entity/Q20997005,Joynt
http://www.wikidata.org/entity/Q4663971,Abbey
http://www.wikidata.org/entity/Q37526293,Ntiamoah
http://www.wikidata.org/entity/Q37444527,Kayler
http://www.wikidata.org/entity/Q42967802,Ogilvie
http://www.wikidata.org/entity/Q37467484,Toyne
http://www.wikidata.org/entity/Q37552124,Hornsey
http://www.wikidata.org/entity/Q60756115,Gillespie
http://www.wikidata.org/entity/Q94451988,Beranger
http://www.wikidata.org/entity/Q37568733,Emelio
http://www.wikidata.org/entity/Q37518198,Bobbin
http://www.wikidata.org/entity/Q21448901,Sheehan
http://www.wikidata.org/entity/Q37509367,Charter
http://www.wikidata.org/entity/Q5609991,Grocott
http://www.wikidata.org/entity/Q5504003,Friend
http://www.wikidata.org/entity/Q101757606,Baildon
http://www.wikidata.org/entity/Q15042884,Mueller
http://www.wikidata.org/entity/Q102356002,Dingo
http://www.wikidata.org/entity/Q6520630,Lekkas
http://www.wikidata.org/entity/Q125263535,Dirani
http://www.wikidata.org/entity/Q55077421,Platell
http://www.wikidata.org/entity/Q56245070,Nobbs
http://www.wikidata.org/entity/Q12787133,Cottrell
http://www.wikidata.org/entity/Q7538970,Slatter
http://www.wikidata.org/entity/Q63437049,Rishworth
http://www.wikidata.org/entity/Q92096946,Ettingshausen
http://www.wikidata.org/entity/Q21491704,Goorjian
http://www.wikidata.org/entity/Q21493034,Kachel
http://www.wikidata.org/entity/Q13590682,Talbot
http://www.wikidata.org/entity/Q16277779,Kean
http://www.wikidata.org/entity/Q21500830,Cannon
http://www.wikidata.org/entity/Q16860619,Buckland
http://www.wikidata.org/entity/Q16479910,Beaver
http://www.wikidata.org/entity/Q21500707,Smeaton
http://www.wikidata.org/entity/Q16479690,Ashdown
http://www.wikidata.org/entity/Q16479557,Beeby
http://www.wikidata.org/entity/Q16865553,Childs
http://www.wikidata.org/entity/Q24413029,Grenville
http://www.wikidata.org/entity/Q15712767,Voss
http://www.wikidata.org/entity/Q16865201,Burrell
http://www.wikidata.org/entity/Q16865951,Curran
http://www.wikidata.org/entity/Q21509348,Betts
http://www.wikidata.org/entity/Q16275296,Darby
http://www.wikidata.org/entity/Q21476585,Mestel
http://www.wikidata.org/entity/Q29018700,Behich
http://www.wikidata.org/entity/Q16479781,Ballard
http://www.wikidata.org/entity/Q16865954,Currier
http://www.wikidata.org/entity/Q16869621,Donald
http://www.wikidata.org/entity/Q16866810,Hegh
http://www.wikidata.org/entity/Q263542,Griffith
http://www.wikidata.org/entity/Q37207058,Wruck
http://www.wikidata.org/entity/Q16282271,Upton
http://www.wikidata.org/entity/Q36892666,Rohan
http://www.wikidata.org/entity/Q37041462,Sidwell
http://www.wikidata.org/entity/Q36988078,Pratley
http://www.wikidata.org/entity/Q21507677,Segal
http://www.wikidata.org/entity/Q897716,Brand
http://www.wikidata.org/entity/Q16871763,Lake
http://www.wikidata.org/entity/Q16870409,Halfpenny
http://www.wikidata.org/entity/Q16882608,Sanders
http://www.wikidata.org/entity/Q16892182,Wight
http://www.wikidata.org/entity/Q37194103,Linfield
http://www.wikidata.org/entity/Q37084708,Macartney
http://www.wikidata.org/entity/Q37318983,Sladen
http://www.wikidata.org/entity/Q17065186,Whittington
http://www.wikidata.org/entity/Q16871320,Keep
http://www.wikidata.org/entity/Q37446782,Blizard
http://www.wikidata.org/entity/Q1158318,Goldberg
http://www.wikidata.org/entity/Q1129762,Cooney
http://www.wikidata.org/entity/Q41660685,Molyneux
http://www.wikidata.org/entity/Q20811337,Corcoran
http://www.wikidata.org/entity/Q37538689,Letcher
http://www.wikidata.org/entity/Q37493566,Frances
http://www.wikidata.org/entity/Q21511687,Nicolson
http://www.wikidata.org/entity/Q7237005,Poynton
http://www.wikidata.org/entity/Q6802756,McWaters
http://www.wikidata.org/entity/Q116445323,Elphinston
http://www.wikidata.org/entity/Q5646089,Hampson
http://www.wikidata.org/entity/Q99476595,Anu
http://www.wikidata.org/entity/Q21507499,Calverley
http://www.wikidata.org/entity/Q7271981,Quill
http://www.wikidata.org/entity/Q21422177,Otten
http://www.wikidata.org/entity/Q21501897,Andresen
http://www.wikidata.org/entity/Q1390707,Myers
http://www.wikidata.org/entity/Q10627079,Pavlov
http://www.wikidata.org/entity/Q10661005,Garland
http://www.wikidata.org/entity/Q21450815,Innes
http://www.wikidata.org/entity/Q27651517,Sully
http://www.wikidata.org/entity/Q26868860,Cale
http://www.wikidata.org/entity/Q26248376,Peake
http://www.wikidata.org/entity/Q21484673,Bethune
http://www.wikidata.org/entity/Q21476714,Blunden
http://www.wikidata.org/entity/Q36877806,Stockham
http://www.wikidata.org/entity/Q36940121,Mummery
http://www.wikidata.org/entity/Q36992531,Nutley
http://www.wikidata.org/entity/Q37122049,Weatherson
http://www.wikidata.org/entity/Q37097074,Roye
http://www.wikidata.org/entity/Q37074810,Loughnane
http://www.wikidata.org/entity/Q21491185,Heiss
http://www.wikidata.org/entity/Q21487984,Ziolkowski
http://www.wikidata.org/entity/Q21504511,Tompkins
http://www.wikidata.org/entity/Q5188711,Crossley
http://www.wikidata.org/entity/Q5318681,Dykes
http://www.wikidata.org/entity/Q36909189,Moles
http://www.wikidata.org/entity/Q21507576,Coren
http://www.wikidata.org/entity/Q24686995,Kissane
http://www.wikidata.org/entity/Q28800611,Bernal
http://www.wikidata.org/entity/Q7336785,Ritson
http://www.wikidata.org/entity/Q7225513,Polkinghorne
http://www.wikidata.org/entity/Q7320544,Rhind
http://www.wikidata.org/entity/Q7988583,Westervelt
http://www.wikidata.org/entity/Q37506409,Fuhrer
http://www.wikidata.org/entity/Q10862233,Richard
http://www.wikidata.org/entity/Q16869397,Dampier
http://www.wikidata.org/entity/Q37039620,Gare
http://www.wikidata.org/entity/Q131543214,McCowage
http://www.wikidata.org/entity/Q81902352,Cobcroft
http://www.wikidata.org/entity/Q64432492,Littleproud
http://www.wikidata.org/entity/Q15917350,Chopin
http://www.wikidata.org/entity/Q16870405,Hales
http://www.wikidata.org/entity/Q37258418,Choy
http://www.wikidata.org/entity/Q36921930,Rakic
http://www.wikidata.org/entity/Q16869923,Felton
http://www.wikidata.org/entity/Q37522714,Nardi
http://www.wikidata.org/entity/Q31212446,Do
http://www.wikidata.org/entity/Q16876926,Ord
http://www.wikidata.org/entity/Q1048306,Casserly
http://www.wikidata.org/entity/Q37489621,Norval
http://www.wikidata.org/entity/Q13582244,Dale
http://www.wikidata.org/entity/Q48979934,Catterns
http://www.wikidata.org/entity/Q51998618,Bressington
http://www.wikidata.org/entity/Q37570417,Fienberg
http://www.wikidata.org/entity/Q54727338,Haebich
http://www.wikidata.org/entity/Q116131847,Catford
http://www.wikidata.org/entity/Q16882866,Seabrook
http://www.wikidata.org/entity/Q18341696,Smits
http://www.wikidata.org/entity/Q100436736,Loukakis
http://www.wikidata.org/entity/Q107290899,Goodway
http://www.wikidata.org/entity/Q594773,Galea
http://www.wikidata.org/entity/Q55421445,Whitecross
http://www.wikidata.org/entity/Q5324947,Eady
http://www.wikidata.org/entity/Q16877581,Muir
http://www.wikidata.org/entity/Q17042963,Waldron
http://www.wikidata.org/entity/Q5179934,Coxen
http://www.wikidata.org/entity/Q1139292,Creagh
http://www.wikidata.org/entity/Q16833397,Bickford
http://www.wikidata.org/entity/Q16479784,Ballinger
http://www.wikidata.org/entity/Q16797642,Macrow
http://www.wikidata.org/entity/Q21452013,Hogg
http://www.wikidata.org/entity/Q19833069,McClelland
http://www.wikidata.org/entity/Q21452734,Dunbar
http://www.wikidata.org/entity/Q16290404,Kempton
http://www.wikidata.org/entity/Q11215365,Blunt
http://www.wikidata.org/entity/Q16882879,Searle
http://www.wikidata.org/entity/Q21449325,Durlacher
http://www.wikidata.org/entity/Q16948732,Younger
http://www.wikidata.org/entity/Q18331466,Quick
http://www.wikidata.org/entity/Q5192659,Cuffe
http://www.wikidata.org/entity/Q10083765,Mora
http://www.wikidata.org/entity/Q21491525,demis
http://www.wikidata.org/entity/Q21491272,Pollack
http://www.wikidata.org/entity/Q6481488,Lamble
http://www.wikidata.org/entity/Q6801042,McEachern
http://www.wikidata.org/entity/Q19768398,Jonas
http://www.wikidata.org/entity/Q15785531,Barber
http://www.wikidata.org/entity/Q19902441,Hubble
http://www.wikidata.org/entity/Q21448539,Agius
http://www.wikidata.org/entity/Q20727091,Shields
http://www.wikidata.org/entity/Q20727065,Rule
http://www.wikidata.org/entity/Q6909279,Moras
http://www.wikidata.org/entity/Q21508055,Horsfall
http://www.wikidata.org/entity/Q1529951,Glatzer
http://www.wikidata.org/entity/Q27898354,Edden
http://www.wikidata.org/entity/Q36883029,Betteridge
http://www.wikidata.org/entity/Q7264603,Parnov
http://www.wikidata.org/entity/Q21450739,Tippett
http://www.wikidata.org/entity/Q16869607,Doig
http://www.wikidata.org/entity/Q16865130,Bugeja
http://www.wikidata.org/entity/Q21449627,Rutter
http://www.wikidata.org/entity/Q24704601,Ozanne
http://www.wikidata.org/entity/Q36951273,Gehrs
http://www.wikidata.org/entity/Q16860360,Branson
http://www.wikidata.org/entity/Q1669110,Rauter
http://www.wikidata.org/entity/Q16870213,Godbold
http://www.wikidata.org/entity/Q21508740,Tuominen
http://www.wikidata.org/entity/Q21507891,Steinhardt
http://www.wikidata.org/entity/Q16479471,Batt
http://www.wikidata.org/entity/Q21507887,Darragh
http://www.wikidata.org/entity/Q37227928,Downward
http://www.wikidata.org/entity/Q36991902,Dohring
http://www.wikidata.org/entity/Q16881501,Purser
http://www.wikidata.org/entity/Q28226713,Baud
http://www.wikidata.org/entity/Q16865438,Castle
http://www.wikidata.org/entity/Q23751947,Pedersen
http://www.wikidata.org/entity/Q26988408,Boland
http://www.wikidata.org/entity/Q16870902,Howell
http://www.wikidata.org/entity/Q16876864,Messenger
http://www.wikidata.org/entity/Q16870545,Hartt
http://www.wikidata.org/entity/Q16865501,Charles
http://www.wikidata.org/entity/Q16883647,Sparks
http://www.wikidata.org/entity/Q28153223,Sargent
http://www.wikidata.org/entity/Q37032363,Willits
http://www.wikidata.org/entity/Q37312836,Traeger
http://www.wikidata.org/entity/Q37505373,Goonan
http://www.wikidata.org/entity/Q6383602,Keighran
http://www.wikidata.org/entity/Q37542831,Gaby
http://www.wikidata.org/entity/Q5347921,Eggleton
http://www.wikidata.org/entity/Q37537172,Bunton
http://www.wikidata.org/entity/Q37541763,Yeo
http://www.wikidata.org/entity/Q16479858,Bello
http://www.wikidata.org/entity/Q20979432,Bateman
http://www.wikidata.org/entity/Q12031234,Kozel
http://www.wikidata.org/entity/Q28799875,Hills
http://www.wikidata.org/entity/Q21484549,Molloy
http://www.wikidata.org/entity/Q7227282,Pomeroy
http://www.wikidata.org/entity/Q37078951,Nable
http://www.wikidata.org/entity/Q37441787,Bandt
http://www.wikidata.org/entity/Q37563939,Rainbow
http://www.wikidata.org/entity/Q17264775,Mackie
http://www.wikidata.org/entity/Q37469900,Crosthwaite
http://www.wikidata.org/entity/Q41698339,Marr
http://www.wikidata.org/entity/Q37564948,Barbagallo
http://www.wikidata.org/entity/Q37498234,Liaw
http://www.wikidata.org/entity/Q21493050,Hincks
http://www.wikidata.org/entity/Q21494531,Nader
http://www.wikidata.org/entity/Q37498815,Goodes
http://www.wikidata.org/entity/Q21492136,Austen
http://www.wikidata.org/entity/Q21512754,Bunning
http://www.wikidata.org/entity/Q47518172,Giblett
http://www.wikidata.org/entity/Q50928787,Sandover
http://www.wikidata.org/entity/Q37445298,Crabb
http://www.wikidata.org/entity/Q37521684,Sherritt
http://www.wikidata.org/entity/Q23578592,Aynsley
http://www.wikidata.org/entity/Q130420000,Qazak
http://www.wikidata.org/entity/Q136695449,Agg
http://www.wikidata.org/entity/Q56192535,Andrew-Street
http://www.wikidata.org/entity/Q16869396,Damon
http://www.wikidata.org/entity/Q20727197,Utz
http://www.wikidata.org/entity/Q20727082,Sengstock
http://www.wikidata.org/entity/Q23640302,Britt
http://www.wikidata.org/entity/Q21448880,Aitchison
http://www.wikidata.org/entity/Q37539019,Saffron
http://www.wikidata.org/entity/Q37557426,Whitchurch
http://www.wikidata.org/entity/Q21488824,Eldridge
http://www.wikidata.org/entity/Q37498964,Plack
http://www.wikidata.org/entity/Q21450517,Drinkwater
http://www.wikidata.org/entity/Q37545743,Sandilands
http://www.wikidata.org/entity/Q29533085,Sloane
http://www.wikidata.org/entity/Q21491827,McInerney
http://www.wikidata.org/entity/Q16870882,Hornby
http://www.wikidata.org/entity/Q16870508,Hardman
http://www.wikidata.org/entity/Q811486,Baum
http://www.wikidata.org/entity/Q36867532,Beetham
http://www.wikidata.org/entity/Q37554537,Kwasnik
http://www.wikidata.org/entity/Q21487227,Delany
http://www.wikidata.org/entity/Q21501833,Gatto
http://www.wikidata.org/entity/Q20996937,Ikin
http://www.wikidata.org/entity/Q21450751,Schumann
http://www.wikidata.org/entity/Q21492592,O'Halloran
http://www.wikidata.org/entity/Q16883818,Steel
http://www.wikidata.org/entity/Q16871906,Laughlin
http://www.wikidata.org/entity/Q100453110,D'Apuzzo
http://www.wikidata.org/entity/Q56245792,Eckersley
http://www.wikidata.org/entity/Q111632884,Bromham
http://www.wikidata.org/entity/Q37436734,Wingfield
http://www.wikidata.org/entity/Q18358434,McCashney
http://www.wikidata.org/entity/Q21501879,Maddock
http://www.wikidata.org/entity/Q36899107,Pym
http://www.wikidata.org/entity/Q21483025,Withers
http://www.wikidata.org/entity/Q21450971,Weekes
http://www.wikidata.org/entity/Q36961650,Sens
http://www.wikidata.org/entity/Q18584946,Klemens
http://www.wikidata.org/entity/Q21492553,Quilty
http://www.wikidata.org/entity/Q1679524,Jakobsen
http://www.wikidata.org/entity/Q37467155,Culley
http://www.wikidata.org/entity/Q21504607,Boogaard
http://www.wikidata.org/entity/Q56225574,McGinty
http://www.wikidata.org/entity/Q37467137,Bilyk
http://www.wikidata.org/entity/Q56248107,Cockshell
http://www.wikidata.org/entity/Q21500732,Kiss
http://www.wikidata.org/entity/Q21500586,Copeland
http://www.wikidata.org/entity/Q36962511,Burgin
http://www.wikidata.org/entity/Q21507153,Jeffries
http://www.wikidata.org/entity/Q21507848,Ivanović
http://www.wikidata.org/entity/Q29533686,Lemberg
http://www.wikidata.org/entity/Q21492894,Hackworth
http://www.wikidata.org/entity/Q21507511,Carlin
http://www.wikidata.org/entity/Q37508162,Cornes
http://www.wikidata.org/entity/Q37520421,Fifield
http://www.wikidata.org/entity/Q29569280,Nevill
http://www.wikidata.org/entity/Q37492966,Crombie
http://www.wikidata.org/entity/Q37554118,Adermann
http://www.wikidata.org/entity/Q21507220,Mates
http://www.wikidata.org/entity/Q37569306,Deveny
http://www.wikidata.org/entity/Q30091560,Ibrahim
http://www.wikidata.org/entity/Q30432400,Stockwell
http://www.wikidata.org/entity/Q37551793,Cannuli
http://www.wikidata.org/entity/Q21509302,Gannon
http://www.wikidata.org/entity/Q37203694,Pantelis
http://www.wikidata.org/entity/Q41588071,Monro
http://www.wikidata.org/entity/Q41686797,Bateson
http://www.wikidata.org/entity/Q2586616,Witt
http://www.wikidata.org/entity/Q66685666,DeVrye
http://www.wikidata.org/entity/Q37231769,Nykiel
http://www.wikidata.org/entity/Q36891777,Riddle
http://www.wikidata.org/entity/Q23779110,Saul
http://www.wikidata.org/entity/Q652685,McKibbin
http://www.wikidata.org/entity/Q21509625,Pappas
http://www.wikidata.org/entity/Q37244816,Marchetta
http://www.wikidata.org/entity/Q37241904,Randazzo
http://www.wikidata.org/entity/Q24085398,Madgen
http://www.wikidata.org/entity/Q36871261,Risinger
http://www.wikidata.org/entity/Q37462609,Karlovic
http://www.wikidata.org/entity/Q37296222,Loggins
http://www.wikidata.org/entity/Q37307998,Moffa
http://www.wikidata.org/entity/Q1136508,Costin
http://www.wikidata.org/entity/Q37535506,Hark
http://www.wikidata.org/entity/Q37009169,Esler
http://www.wikidata.org/entity/Q37567622,Colla
http://www.wikidata.org/entity/Q5432842,Falzon
http://www.wikidata.org/entity/Q5580280,Golds
http://www.wikidata.org/entity/Q5604798,Greenwell
http://www.wikidata.org/entity/Q36879108,Rohrer
http://www.wikidata.org/entity/Q5721148,Barrios
http://www.wikidata.org/entity/Q42311104,Mat
http://www.wikidata.org/entity/Q2801750,Stark
http://www.wikidata.org/entity/Q7161879,Pemberton
http://www.wikidata.org/entity/Q37494143,Seiffert
http://www.wikidata.org/entity/Q1324184,Godden
http://www.wikidata.org/entity/Q4958605,Brazier
http://www.wikidata.org/entity/Q1965666,Nash
http://www.wikidata.org/entity/Q1930521,Guan
http://www.wikidata.org/entity/Q10769186,Huo
http://www.wikidata.org/entity/Q135647832,Hódi
http://www.wikidata.org/entity/Q37236197,Roarty
http://www.wikidata.org/entity/Q68818022,Dancis
http://www.wikidata.org/entity/Q6802013,McKissock
http://www.wikidata.org/entity/Q7307610,Refshauge
http://www.wikidata.org/entity/Q37324820,Naparstek
http://www.wikidata.org/entity/Q12788011,Dumont
http://www.wikidata.org/entity/Q12796248,McLeod
http://www.wikidata.org/entity/Q12787585,Dimovski
http://www.wikidata.org/entity/Q55450566,Carbasse
http://www.wikidata.org/entity/Q37440688,Mowen
http://www.wikidata.org/entity/Q37464825,Ridge
http://www.wikidata.org/entity/Q16865378,Carli
http://www.wikidata.org/entity/Q16479385,Alley
http://www.wikidata.org/entity/Q16860478,Broad
http://www.wikidata.org/entity/Q37488615,Rutten
http://www.wikidata.org/entity/Q15620049,Tennant
http://www.wikidata.org/entity/Q37529185,Honeyman
http://www.wikidata.org/entity/Q37560744,Garuccio
http://www.wikidata.org/entity/Q41879075,Tari
http://www.wikidata.org/entity/Q16883409,Skinner
http://www.wikidata.org/entity/Q37570955,Duscher
http://www.wikidata.org/entity/Q16869931,Ferrier
http://www.wikidata.org/entity/Q55643780,Courtice
http://www.wikidata.org/entity/Q16865651,Coats
http://www.wikidata.org/entity/Q1677404,Jacob
http://www.wikidata.org/entity/Q131455334,McFadgean
http://www.wikidata.org/entity/Q107670068,Roberts-Smith
http://www.wikidata.org/entity/Q61478076,Fajzullin
http://www.wikidata.org/entity/Q21428410,Scully
http://www.wikidata.org/entity/Q107546458,Thilthorpe
http://www.wikidata.org/entity/Q18325862,Jess
http://www.wikidata.org/entity/Q16870140,Gay
http://www.wikidata.org/entity/Q16874665,Male
http://www.wikidata.org/entity/Q16882547,Salmon
http://www.wikidata.org/entity/Q16872187,Linger
http://www.wikidata.org/entity/Q16876534,Masterson
http://www.wikidata.org/entity/Q7260694,Pupovac
http://www.wikidata.org/entity/Q21475212,Samuels
http://www.wikidata.org/entity/Q16872175,Lindberg
http://www.wikidata.org/entity/Q21450218,Wieland
http://www.wikidata.org/entity/Q16878034,Newell
http://www.wikidata.org/entity/Q16881255,Pitman
http://www.wikidata.org/entity/Q16877150,Milner
http://www.wikidata.org/entity/Q37306297,Stockman
http://www.wikidata.org/entity/Q19902468,Humpherson
http://www.wikidata.org/entity/Q37444696,Hassanein
http://www.wikidata.org/entity/Q25654444,Brice
http://www.wikidata.org/entity/Q21504728,Askew
http://www.wikidata.org/entity/Q37568359,Kingman
http://www.wikidata.org/entity/Q21455301,Jakubowicz
http://www.wikidata.org/entity/Q24719670,Le Couteur
http://www.wikidata.org/entity/Q5105571,Chowne
http://www.wikidata.org/entity/Q16881784,Radford
http://www.wikidata.org/entity/Q16870834,Holden
http://www.wikidata.org/entity/Q24957643,Mijovic
http://www.wikidata.org/entity/Q7799279,Thurgood
http://www.wikidata.org/entity/Q7620604,Stout
http://www.wikidata.org/entity/Q7431760,Schluter
http://www.wikidata.org/entity/Q21488341,Robb
http://www.wikidata.org/entity/Q29573244,Millar
http://www.wikidata.org/entity/Q36950182,Sandri
http://www.wikidata.org/entity/Q16883169,Sheridan
http://www.wikidata.org/entity/Q8052447,Yeomans
http://www.wikidata.org/entity/Q21492666,Nikolić
http://www.wikidata.org/entity/Q37489866,Raye
http://www.wikidata.org/entity/Q18915237,Eustace
http://www.wikidata.org/entity/Q37496839,Cains
http://www.wikidata.org/entity/Q21493631,Nichol
http://www.wikidata.org/entity/Q37454164,Catani
http://www.wikidata.org/entity/Q2449956,Traoré
http://www.wikidata.org/entity/Q37518241,Crudgington
http://www.wikidata.org/entity/Q37542276,Crossin
http://www.wikidata.org/entity/Q24469938,Lacey
http://www.wikidata.org/entity/Q37542988,Gantner
http://www.wikidata.org/entity/Q20727081,Selway
http://www.wikidata.org/entity/Q25174340,Painter
http://www.wikidata.org/entity/Q20679907,Maclean
http://www.wikidata.org/entity/Q37558709,Recchia
http://www.wikidata.org/entity/Q16359986,Clarkson
http://www.wikidata.org/entity/Q37553446,Marple
http://www.wikidata.org/entity/Q20665676,Izzard
http://www.wikidata.org/entity/Q21011431,Renaud
http://www.wikidata.org/entity/Q16869344,Arlen
http://www.wikidata.org/entity/Q37444798,Lysaght
http://www.wikidata.org/entity/Q2671589,Costa
http://www.wikidata.org/entity/Q28134208,McKiernan
http://www.wikidata.org/entity/Q36926354,Laming
http://www.wikidata.org/entity/Q37226603,Hick
http://www.wikidata.org/entity/Q45056857,Sablowski
http://www.wikidata.org/entity/Q56244708,Dawe
http://www.wikidata.org/entity/Q41784478,Lazzarini
http://www.wikidata.org/entity/Q16884844,Torrens
http://www.wikidata.org/entity/Q16932880,McAllister
http://www.wikidata.org/entity/Q37483698,Landenberger
http://www.wikidata.org/entity/Q648010,Ali
http://www.wikidata.org/entity/Q135502300,Van Raay
http://www.wikidata.org/entity/Q117751876,Faehrmann
http://www.wikidata.org/entity/Q106848326,Callil
http://www.wikidata.org/entity/Q37523685,Orsatti
http://www.wikidata.org/entity/Q101015770,Furletti
http://www.wikidata.org/entity/Q4979064,Brunker
http://www.wikidata.org/entity/Q1158266,Bender
http://www.wikidata.org/entity/Q21452622,McArdle
http://www.wikidata.org/entity/Q99671361,Zampatti
http://www.wikidata.org/entity/Q55557383,Krakouer
http://www.wikidata.org/entity/Q55432137,McKaige
http://www.wikidata.org/entity/Q48095367,Feilberg
http://www.wikidata.org/entity/Q48771599,Strijk
http://www.wikidata.org/entity/Q10729205,Albert
http://www.wikidata.org/entity/Q7261600,Purtell
http://www.wikidata.org/entity/Q55670398,Pendlebury
http://www.wikidata.org/entity/Q21504721,Meyers
http://www.wikidata.org/entity/Q105535665,Mewing
http://www.wikidata.org/entity/Q36926787,Blaes
http://www.wikidata.org/entity/Q6802247,McLindon
http://www.wikidata.org/entity/Q14075030,Guerra
http://www.wikidata.org/entity/Q21492024,Blakey
http://www.wikidata.org/entity/Q30093836,Amer
http://www.wikidata.org/entity/Q233193,Wesley
http://www.wikidata.org/entity/Q132158728,Mensáros
http://www.wikidata.org/entity/Q135928621,Koczka
http://www.wikidata.org/entity/Q37046131,Boor
http://www.wikidata.org/entity/Q37111905,Morrin
http://www.wikidata.org/entity/Q37474756,Tighe
http://www.wikidata.org/entity/Q27643585,Thaw
http://www.wikidata.org/entity/Q14873084,Caesar
http://www.wikidata.org/entity/Q16877333,Monger
http://www.wikidata.org/entity/Q37035227,Fevola
http://www.wikidata.org/entity/Q16479639,Beames
http://www.wikidata.org/entity/Q37556375,Burkett
http://www.wikidata.org/entity/Q37028318,Bootsma
http://www.wikidata.org/entity/Q16878221,Ridgeway
http://www.wikidata.org/entity/Q37534632,Symes
http://www.wikidata.org/entity/Q56246142,Tessmann
http://www.wikidata.org/entity/Q16860476,Britton
http://www.wikidata.org/entity/Q36883928,Borella
http://www.wikidata.org/entity/Q36796874,Hartkopf
http://www.wikidata.org/entity/Q16881248,Piper
http://www.wikidata.org/entity/Q35955562,Toll
http://www.wikidata.org/entity/Q18385715,Zumbo
http://www.wikidata.org/entity/Q47530122,Battin
http://www.wikidata.org/entity/Q37201021,Pugsley
http://www.wikidata.org/entity/Q37134526,Lowes
http://www.wikidata.org/entity/Q5708368,Helliwell
http://www.wikidata.org/entity/Q37258562,Tongue
http://www.wikidata.org/entity/Q37431759,Jacka
http://www.wikidata.org/entity/Q20996280,Gillett
http://www.wikidata.org/entity/Q37464819,Bensimon
http://www.wikidata.org/entity/Q7830105,Townend
http://www.wikidata.org/entity/Q37475983,Dadon
http://www.wikidata.org/entity/Q37263188,Westwater
http://www.wikidata.org/entity/Q12016761,Forman
http://www.wikidata.org/entity/Q21449612,Tolman
http://www.wikidata.org/entity/Q10897179,Hanrahan
http://www.wikidata.org/entity/Q21492781,Cairns
http://www.wikidata.org/entity/Q47732247,Pannam
http://www.wikidata.org/entity/Q37510724,Toovey
http://www.wikidata.org/entity/Q21483065,Cruickshank
http://www.wikidata.org/entity/Q2172214,Rudman
http://www.wikidata.org/entity/Q21492099,Luik
http://www.wikidata.org/entity/Q21492392,Goode
http://www.wikidata.org/entity/Q12788003,Duke
http://www.wikidata.org/entity/Q21507276,Grogan
http://www.wikidata.org/entity/Q51998104,Blesing
http://www.wikidata.org/entity/Q12784009,Agar
http://www.wikidata.org/entity/Q6723285,Macfie
http://www.wikidata.org/entity/Q6706380,Luxford
http://www.wikidata.org/entity/Q1813129,Lehmann
http://www.wikidata.org/entity/Q25114888,Tutton
http://www.wikidata.org/entity/Q25668562,Carles
http://www.wikidata.org/entity/Q65101274,De Paoli
http://www.wikidata.org/entity/Q65967127,MacTiernan
http://www.wikidata.org/entity/Q21506588,Snodgrass
http://www.wikidata.org/entity/Q48767544,Hopoate
http://www.wikidata.org/entity/Q135109162,Horsell
http://www.wikidata.org/entity/Q114199373,Bruntnell
http://www.wikidata.org/entity/Q12806378,Woodhouse
http://www.wikidata.org/entity/Q28821383,Berce
http://www.wikidata.org/entity/Q29113497,Radley
http://www.wikidata.org/entity/Q21512298,Murch
http://www.wikidata.org/entity/Q28148546,Keto
http://www.wikidata.org/entity/Q27243015,Isogawa
http://www.wikidata.org/entity/Q30668975,Taumoepeau
http://www.wikidata.org/entity/Q36907306,Deamer
http://www.wikidata.org/entity/Q12788942,Flinders
http://www.wikidata.org/entity/Q36918502,Shiel
http://www.wikidata.org/entity/Q65044788,Tudge
http://www.wikidata.org/entity/Q4955122,Bradstreet
http://www.wikidata.org/entity/Q14915271,Close
http://www.wikidata.org/entity/Q37054828,Plant
http://www.wikidata.org/entity/Q37148361,Darwiche
http://www.wikidata.org/entity/Q4274203,Maguire
http://www.wikidata.org/entity/Q885595,Blue
http://www.wikidata.org/entity/Q36974824,Gotto
http://www.wikidata.org/entity/Q5192856,Culbert
http://www.wikidata.org/entity/Q5089421,Cheeseman
http://www.wikidata.org/entity/Q5609369,Grimwade
http://www.wikidata.org/entity/Q37224891,Cahalan
http://www.wikidata.org/entity/Q16274953,Aston
http://www.wikidata.org/entity/Q37294506,Solomons
http://www.wikidata.org/entity/Q52823009,Pederick
http://www.wikidata.org/entity/Q7372273,Rowse
http://www.wikidata.org/entity/Q37487402,Zahra
http://www.wikidata.org/entity/Q48688955,Goodsir
http://www.wikidata.org/entity/Q37550893,Vergara
http://www.wikidata.org/entity/Q56245688,Piccoli
http://www.wikidata.org/entity/Q56245477,Bubb
http://www.wikidata.org/entity/Q16869838,Erickson
http://www.wikidata.org/entity/Q16479494,Barnet
http://www.wikidata.org/entity/Q62336823,Noé
http://www.wikidata.org/entity/Q56243960,Sezer
http://www.wikidata.org/entity/Q55764100,Ó hAilpín
http://www.wikidata.org/entity/Q5185825,Crippin
http://www.wikidata.org/entity/Q63407718,Cheok
http://www.wikidata.org/entity/Q59842946,Zingel
http://www.wikidata.org/entity/Q16882276,Rosales
http://www.wikidata.org/entity/Q86081726,Miethke
http://www.wikidata.org/entity/Q16102227,Lange
http://www.wikidata.org/entity/Q16870607,Haworth
http://www.wikidata.org/entity/Q13560510,Haley
http://www.wikidata.org/entity/Q104529432,Schrinner
http://www.wikidata.org/entity/Q108691960,Fitkau
http://www.wikidata.org/entity/Q98449862,Deluca
http://www.wikidata.org/entity/Q16865540,Chester
http://www.wikidata.org/entity/Q8063519,Zable
http://www.wikidata.org/entity/Q16871117,Jack
http://www.wikidata.org/entity/Q5455190,Fisken
http://www.wikidata.org/entity/Q111462575,Horin
http://www.wikidata.org/entity/Q7662494,Synnot
http://www.wikidata.org/entity/Q5458046,Flavel
http://www.wikidata.org/entity/Q140199843,Grassby
http://www.wikidata.org/entity/Q119704477,Kebbe
http://www.wikidata.org/entity/Q17510433,Blicavs
http://www.wikidata.org/entity/Q16869753,Eastlake
http://www.wikidata.org/entity/Q19901864,Apps
http://www.wikidata.org/entity/Q16861713,Maroon
http://www.wikidata.org/entity/Q18342047,Costanzo
http://www.wikidata.org/entity/Q20354737,Parkes
http://www.wikidata.org/entity/Q16882802,Schaeffer
http://www.wikidata.org/entity/Q17066693,Woodcock
http://www.wikidata.org/entity/Q17022714,Urquhart
http://www.wikidata.org/entity/Q16883297,Sibley
http://www.wikidata.org/entity/Q21492648,Rodwell
http://www.wikidata.org/entity/Q21482584,Benyon
http://www.wikidata.org/entity/Q12785779,Berne
http://www.wikidata.org/entity/Q21475386,Szalay
http://www.wikidata.org/entity/Q16869868,Everett
http://www.wikidata.org/entity/Q21446971,Abrahams
http://www.wikidata.org/entity/Q16876658,McClure
http://www.wikidata.org/entity/Q16870895,Hossack
http://www.wikidata.org/entity/Q19902303,Gathercole
http://www.wikidata.org/entity/Q19919890,Cardozo
http://www.wikidata.org/entity/Q16798000,Maras
http://www.wikidata.org/entity/Q21493437,Musumeci
http://www.wikidata.org/entity/Q21500582,Bose
http://www.wikidata.org/entity/Q21501653,Hagan
http://www.wikidata.org/entity/Q21449486,Spink
http://www.wikidata.org/entity/Q16870445,Guppy
http://www.wikidata.org/entity/Q16870000,Forward
http://www.wikidata.org/entity/Q16883557,Somers
http://www.wikidata.org/entity/Q18643458,Fritz
http://www.wikidata.org/entity/Q25927664,Pellegrino
http://www.wikidata.org/entity/Q16872303,Lister
http://www.wikidata.org/entity/Q16876675,McDowall
http://www.wikidata.org/entity/Q21029119,Mapp
http://www.wikidata.org/entity/Q21501747,Hetzel
http://www.wikidata.org/entity/Q16883242,Shorten
http://www.wikidata.org/entity/Q28927476,Peris
http://www.wikidata.org/entity/Q19802200,Glenn
http://www.wikidata.org/entity/Q28153047,Sewell
http://www.wikidata.org/entity/Q37004142,Staines
http://www.wikidata.org/entity/Q31040219,Talay
http://www.wikidata.org/entity/Q21508944,Finlay
http://www.wikidata.org/entity/Q21452108,Pattinson
http://www.wikidata.org/entity/Q21450313,Senter
http://www.wikidata.org/entity/Q30117840,Bartholomew
http://www.wikidata.org/entity/Q37167842,Gentle
http://www.wikidata.org/entity/Q21449787,Panizza
http://www.wikidata.org/entity/Q23041619,Stuart
http://www.wikidata.org/entity/Q25114478,Langenheim
http://www.wikidata.org/entity/Q37124982,Kerle
http://www.wikidata.org/entity/Q29401488,Whitby
http://www.wikidata.org/entity/Q27869140,Krol
http://www.wikidata.org/entity/Q28398064,Davie
http://www.wikidata.org/entity/Q37480086,Dee
http://www.wikidata.org/entity/Q21488951,Xuereb
http://www.wikidata.org/entity/Q8037547,Wragge
http://www.wikidata.org/entity/Q37485283,Froggatt
http://www.wikidata.org/entity/Q7071706,O'Collins
http://www.wikidata.org/entity/Q28796983,Levinson
http://www.wikidata.org/entity/Q24088177,Manzie
http://www.wikidata.org/entity/Q37492972,Valkenburg
http://www.wikidata.org/entity/Q37508049,Jenson
http://www.wikidata.org/entity/Q21493585,Tupou
http://www.wikidata.org/entity/Q27924642,Ruz
http://www.wikidata.org/entity/Q21492821,Benn
http://www.wikidata.org/entity/Q36975201,Vick
http://www.wikidata.org/entity/Q36884183,Briskey
http://www.wikidata.org/entity/Q37122018,Patch
http://www.wikidata.org/entity/Q37063898,Faunce
http://www.wikidata.org/entity/Q37486859,Wates
http://www.wikidata.org/entity/Q37505465,Callan
http://www.wikidata.org/entity/Q99907208,Chiminello
http://www.wikidata.org/entity/Q37481471,McNees
http://www.wikidata.org/entity/Q48703032,Kovalenko
http://www.wikidata.org/entity/Q37550847,Ransford
http://www.wikidata.org/entity/Q65176285,Colquhoun
http://www.wikidata.org/entity/Q21502324,Aberle
http://www.wikidata.org/entity/Q21510679,Seibold
http://www.wikidata.org/entity/Q37544135,Tui
http://www.wikidata.org/entity/Q100320259,Confoy
http://www.wikidata.org/entity/Q37515007,Hair
http://www.wikidata.org/entity/Q37476878,Schoenberger
http://www.wikidata.org/entity/Q37506675,Corletto
http://www.wikidata.org/entity/Q37187657,Sheed
http://www.wikidata.org/entity/Q113549588,Atanasovski
http://www.wikidata.org/entity/Q37575131,Brohman
http://www.wikidata.org/entity/Q37430036,Antonis
http://www.wikidata.org/entity/Q37453190,Crosswhite
http://www.wikidata.org/entity/Q37470371,Enes
http://www.wikidata.org/entity/Q37522090,Balmforth
http://www.wikidata.org/entity/Q37525230,Quast
http://www.wikidata.org/entity/Q37539439,Ramshaw
http://www.wikidata.org/entity/Q55422551,Wakelin
http://www.wikidata.org/entity/Q27231069,Tancred
http://www.wikidata.org/entity/Q48979643,Goldspink
http://www.wikidata.org/entity/Q29473569,Parkhill
http://www.wikidata.org/entity/Q56540452,Reiterer
http://www.wikidata.org/entity/Q56244159,Freer
http://www.wikidata.org/entity/Q56245346,Hankin
http://www.wikidata.org/entity/Q60038109,Dallwitz
http://www.wikidata.org/entity/Q56259712,Cuzens
http://www.wikidata.org/entity/Q56538086,Cumberford
http://www.wikidata.org/entity/Q107199165,Geh
http://www.wikidata.org/entity/Q131543158,McGranger
http://www.wikidata.org/entity/Q137363183,Odžakov
http://www.wikidata.org/entity/Q120401222,Landells
http://www.wikidata.org/entity/Q65121247,Cadee
http://www.wikidata.org/entity/Q83617900,Streten
http://www.wikidata.org/entity/Q36866307,Matters
http://www.wikidata.org/entity/Q1158419,Hilton
http://www.wikidata.org/entity/Q1398543,Faust
http://www.wikidata.org/entity/Q16860566,Brownlee
http://www.wikidata.org/entity/Q1788211,Schenk
http://www.wikidata.org/entity/Q36875663,Beyersdorf
http://www.wikidata.org/entity/Q29763530,Drury
http://www.wikidata.org/entity/Q36885751,Kui
http://www.wikidata.org/entity/Q16860564,Brough
http://www.wikidata.org/entity/Q126810566,Bloustien
http://www.wikidata.org/entity/Q126811939,Dillewaard
http://www.wikidata.org/entity/Q101439934,van der Velde
http://www.wikidata.org/entity/Q121840196,Wohlsen
http://www.wikidata.org/entity/Q60587378,Joura
http://www.wikidata.org/entity/Q16869945,Finlayson
http://www.wikidata.org/entity/Q36930129,Byfield
http://www.wikidata.org/entity/Q16881304,Polak
http://www.wikidata.org/entity/Q36907934,Morabito
http://www.wikidata.org/entity/Q16884893,Traynor
http://www.wikidata.org/entity/Q16876763,Mee
http://www.wikidata.org/entity/Q37485108,Ginnane
http://www.wikidata.org/entity/Q36956323,Freiberg
http://www.wikidata.org/entity/Q37023810,Nair
http://www.wikidata.org/entity/Q36992909,Kaufusi
http://www.wikidata.org/entity/Q2289233,Singh
http://www.wikidata.org/entity/Q37161781,Eades
http://www.wikidata.org/entity/Q37559366,Luchetti
http://www.wikidata.org/entity/Q65089128,Galani
http://www.wikidata.org/entity/Q83382218,Wienholt
http://www.wikidata.org/entity/Q116527046,Falleni
http://www.wikidata.org/entity/Q55234548,Mithen
http://www.wikidata.org/entity/Q5139428,Cochrane
http://www.wikidata.org/entity/Q4819473,Auchterlonie
http://www.wikidata.org/entity/Q52553661,Siposs
http://www.wikidata.org/entity/Q21491259,Ahearn
http://www.wikidata.org/entity/Q5434712,Faragher
http://www.wikidata.org/entity/Q21488849,Latimer
http://www.wikidata.org/entity/Q2658216,Baldwin
http://www.wikidata.org/entity/Q4973650,Bromilow
http://www.wikidata.org/entity/Q7846555,Trounson
http://www.wikidata.org/entity/Q131436452,St Leger
http://www.wikidata.org/entity/Q21507348,Steinbeck
http://www.wikidata.org/entity/Q21491450,Keogh
http://www.wikidata.org/entity/Q6409813,Kimberley
http://www.wikidata.org/entity/Q6724700,Maclurcan
http://www.wikidata.org/entity/Q1227792,Baumann
http://www.wikidata.org/entity/Q6705043,Luscombe
http://www.wikidata.org/entity/Q21492008,Bibby
http://www.wikidata.org/entity/Q7851004,Tuck
http://www.wikidata.org/entity/Q26266309,Trimnell-Ritchard
http://www.wikidata.org/entity/Q21509781,Falkiner
http://www.wikidata.org/entity/Q23774785,Carvalho
http://www.wikidata.org/entity/Q26266310,Ritchard
http://www.wikidata.org/entity/Q15637587,Round
http://www.wikidata.org/entity/Q27778957,Gann
http://www.wikidata.org/entity/Q5643746,Halverson
http://www.wikidata.org/entity/Q36115226,Overton
http://www.wikidata.org/entity/Q37036568,Petratos
http://www.wikidata.org/entity/Q16147650,Allison
http://www.wikidata.org/entity/Q6540400,Libbis
http://www.wikidata.org/entity/Q36940632,Pennisi
http://www.wikidata.org/entity/Q27919067,Micallef
http://www.wikidata.org/entity/Q16872939,Norsworthy
http://www.wikidata.org/entity/Q37179058,Brassard
http://www.wikidata.org/entity/Q16479741,Bassett
http://www.wikidata.org/entity/Q16881487,Pullen
http://www.wikidata.org/entity/Q4946747,Borthwick
http://www.wikidata.org/entity/Q16883873,Stoneham
http://www.wikidata.org/entity/Q37462679,Conn
http://www.wikidata.org/entity/Q37058577,Kitchener
http://www.wikidata.org/entity/Q37147238,Marocchi
http://www.wikidata.org/entity/Q37083975,Marsland
http://www.wikidata.org/entity/Q16865660,Cockayne
http://www.wikidata.org/entity/Q16869703,Duffy
http://www.wikidata.org/entity/Q7941425,von Einem
http://www.wikidata.org/entity/Q5473303,Forwood
http://www.wikidata.org/entity/Q37490120,Amendolia
http://www.wikidata.org/entity/Q37185425,Thorp
http://www.wikidata.org/entity/Q37532687,Calub
http://www.wikidata.org/entity/Q16884654,Thornhill
http://www.wikidata.org/entity/Q37540093,Allsop
http://www.wikidata.org/entity/Q21428350,Haggett
http://www.wikidata.org/entity/Q37546747,Common
http://www.wikidata.org/entity/Q48781225,Kingi
http://www.wikidata.org/entity/Q37543030,Shipton
http://www.wikidata.org/entity/Q56539015,Kokkinakis
http://www.wikidata.org/entity/Q21050435,Wilde
http://www.wikidata.org/entity/Q37569581,Zollo
http://www.wikidata.org/entity/Q99764377,Talladira
http://www.wikidata.org/entity/Q19677032,Bayne
http://www.wikidata.org/entity/Q60196758,Hortobágyi
http://www.wikidata.org/entity/Q56245468,Cheesman
http://www.wikidata.org/entity/Q16275169,Carlton
http://www.wikidata.org/entity/Q21449116,Kotz
http://www.wikidata.org/entity/Q16460221,McDonough
http://www.wikidata.org/entity/Q21484524,Dann
http://www.wikidata.org/entity/Q110505313,van der Boom
http://www.wikidata.org/entity/Q16860378,Bray
http://www.wikidata.org/entity/Q21504584,McClory
http://www.wikidata.org/entity/Q21484654,Dever
http://www.wikidata.org/entity/Q16479578,Arnott
http://www.wikidata.org/entity/Q16865879,Crockett
http://www.wikidata.org/entity/Q21484784,Giblin
http://www.wikidata.org/entity/Q21502055,Gott
http://www.wikidata.org/entity/Q16479440,Archdale
http://www.wikidata.org/entity/Q16479899,Beath
http://www.wikidata.org/entity/Q16860609,Bryson
http://www.wikidata.org/entity/Q21506911,Petrović
http://www.wikidata.org/entity/Q131455317,McMeechan
http://www.wikidata.org/entity/Q16865470,Chaffey
http://www.wikidata.org/entity/Q16865665,Cody
http://www.wikidata.org/entity/Q16881905,Rayner
http://www.wikidata.org/entity/Q16928235,Deas
http://www.wikidata.org/entity/Q28868754,Macdonell
http://www.wikidata.org/entity/Q28540155,Wollaston
http://www.wikidata.org/entity/Q37114857,Maisey
http://www.wikidata.org/entity/Q21507016,Brunton
http://www.wikidata.org/entity/Q16869902,Farnsworth
http://www.wikidata.org/entity/Q28871864,Quaife
http://www.wikidata.org/entity/Q1158586,Cohen
http://www.wikidata.org/entity/Q30420154,Alloway
http://www.wikidata.org/entity/Q30085503,Isaksen
http://www.wikidata.org/entity/Q36968082,Hazelwood
http://www.wikidata.org/entity/Q29653225,Salt
http://www.wikidata.org/entity/Q37315402,Ithier
http://www.wikidata.org/entity/Q37490858,Mountjoy
http://www.wikidata.org/entity/Q16869817,Ely
http://www.wikidata.org/entity/Q16869973,Flowers
http://www.wikidata.org/entity/Q21483041,Pelly
http://www.wikidata.org/entity/Q21484590,Debus
http://www.wikidata.org/entity/Q36991858,Quin
http://www.wikidata.org/entity/Q37214786,Eliades
http://www.wikidata.org/entity/Q36901230,Mulholland
http://www.wikidata.org/entity/Q36957484,Heggen
http://www.wikidata.org/entity/Q20995905,Brenning
http://www.wikidata.org/entity/Q52636618,McGauchie
http://www.wikidata.org/entity/Q131543295,McMiken
http://www.wikidata.org/entity/Q21491700,Gaudry
http://www.wikidata.org/entity/Q77024917,MacMillan
http://www.wikidata.org/entity/Q100276459,Wood-Smith
http://www.wikidata.org/entity/Q56245822,Fitton
http://www.wikidata.org/entity/Q104787823,Benét
http://www.wikidata.org/entity/Q37505377,Stowell
http://www.wikidata.org/entity/Q21492742,Chynoweth
http://www.wikidata.org/entity/Q37524396,Padley
http://www.wikidata.org/entity/Q37222062,Castles
http://www.wikidata.org/entity/Q16931192,Whitmore
http://www.wikidata.org/entity/Q16881236,Pinder
http://www.wikidata.org/entity/Q2660575,Benson
http://www.wikidata.org/entity/Q2275030,Seubert
http://www.wikidata.org/entity/Q20726813,Goddard
http://www.wikidata.org/entity/Q19902069,Chatfield
http://www.wikidata.org/entity/Q50359440,Onyons
http://www.wikidata.org/entity/Q21504647,Argyros
http://www.wikidata.org/entity/Q37545569,Guerin
http://www.wikidata.org/entity/Q36922048,Sing
http://www.wikidata.org/entity/Q37573690,Falloon
http://www.wikidata.org/entity/Q37042198,Edmond
http://www.wikidata.org/entity/Q37267528,Satchel
http://www.wikidata.org/entity/Q37140038,Catley
http://www.wikidata.org/entity/Q37046081,Catlin
http://www.wikidata.org/entity/Q52004657,McCay
http://www.wikidata.org/entity/Q21451024,Ashurst
http://www.wikidata.org/entity/Q56459316,Maister
http://www.wikidata.org/entity/Q4953138,Braakensiek
http://www.wikidata.org/entity/Q56027900,Zempilas
http://www.wikidata.org/entity/Q37563573,Halstead
http://www.wikidata.org/entity/Q37564044,Bertles
http://www.wikidata.org/entity/Q37441109,Shinn
http://www.wikidata.org/entity/Q48980653,Missingham
http://www.wikidata.org/entity/Q4975070,Brooksbank
http://www.wikidata.org/entity/Q21492028,Blevins
http://www.wikidata.org/entity/Q55422314,Caracella
http://www.wikidata.org/entity/Q21492914,Hammett
http://www.wikidata.org/entity/Q47553967,Newing
http://www.wikidata.org/entity/Q12763033,Bella
http://www.wikidata.org/entity/Q56245349,Ellicott
http://www.wikidata.org/entity/Q55643782,Cristofani
http://www.wikidata.org/entity/Q21507903,Congreve
http://www.wikidata.org/entity/Q21504696,Arndt
http://www.wikidata.org/entity/Q21508502,Bobbitt
http://www.wikidata.org/entity/Q55094497,Bugden
http://www.wikidata.org/entity/Q54903077,Alpuget
http://www.wikidata.org/entity/Q65050568,Hei
http://www.wikidata.org/entity/Q21507065,Bushell
http://www.wikidata.org/entity/Q21501571,Dovey
http://www.wikidata.org/entity/Q1260948,Kahn
http://www.wikidata.org/entity/Q24450548,Roland
http://www.wikidata.org/entity/Q4496098,Hartley
http://www.wikidata.org/entity/Q26234661,Beach
http://www.wikidata.org/entity/Q16802303,Fulwood
http://www.wikidata.org/entity/Q5561452,Gilbey
http://www.wikidata.org/entity/Q27067413,Barrot
http://www.wikidata.org/entity/Q5659859,Harold
http://www.wikidata.org/entity/Q5583557,Goodnow
http://www.wikidata.org/entity/Q6980316,Natt
http://www.wikidata.org/entity/Q10957683,Dawes
http://www.wikidata.org/entity/Q16798799,Looby
http://www.wikidata.org/entity/Q27133759,Bonde
http://www.wikidata.org/entity/Q27505109,Feldman
http://www.wikidata.org/entity/Q12189873,Lynn
http://www.wikidata.org/entity/Q37206395,Netzler
http://www.wikidata.org/entity/Q37448019,Denehy
http://www.wikidata.org/entity/Q16865780,Corrie
http://www.wikidata.org/entity/Q16881394,Press
http://www.wikidata.org/entity/Q16876797,Melton
http://www.wikidata.org/entity/Q16869962,Fleet
http://www.wikidata.org/entity/Q37505900,Dovers
http://www.wikidata.org/entity/Q37491423,Brew
http://www.wikidata.org/entity/Q13560458,Frank
http://www.wikidata.org/entity/Q37478970,Aldag
http://www.wikidata.org/entity/Q1800738,Laing
http://www.wikidata.org/entity/Q19577542,Palaszczuk
http://www.wikidata.org/entity/Q21448013,Ackroyd
http://www.wikidata.org/entity/Q16865944,Cummins
http://www.wikidata.org/entity/Q37562509,Aylett
http://www.wikidata.org/entity/Q16797830,Haseman
http://www.wikidata.org/entity/Q50285816,Brunier
http://www.wikidata.org/entity/Q48979402,Churcher
http://www.wikidata.org/entity/Q47245971,Elmir
http://www.wikidata.org/entity/Q19929860,Wojtaszek
http://www.wikidata.org/entity/Q50332558,Cubbins
http://www.wikidata.org/entity/Q21449356,Fels
http://www.wikidata.org/entity/Q56245818,Faul
http://www.wikidata.org/entity/Q65381046,Falkinder
http://www.wikidata.org/entity/Q16798373,Hartcher
http://www.wikidata.org/entity/Q16870660,Heighington
http://www.wikidata.org/entity/Q16869856,Essex
http://www.wikidata.org/entity/Q16876601,Maxwell
http://www.wikidata.org/entity/Q16872081,Lethbridge
http://www.wikidata.org/entity/Q21483021,Tenney
http://www.wikidata.org/entity/Q7687635,Tassell
http://www.wikidata.org/entity/Q4958950,Brazill
http://www.wikidata.org/entity/Q16877309,Molitor
http://www.wikidata.org/entity/Q21491289,Plunkett
http://www.wikidata.org/entity/Q18822560,Mortimer
http://www.wikidata.org/entity/Q7932462,Vines
http://www.wikidata.org/entity/Q5580106,Golder
http://www.wikidata.org/entity/Q6665159,Lochner
http://www.wikidata.org/entity/Q21492674,Murry
http://www.wikidata.org/entity/Q21493888,Goldbloom
http://www.wikidata.org/entity/Q20996881,Hurford
http://www.wikidata.org/entity/Q21509779,Fairbairn
http://www.wikidata.org/entity/Q21452065,Mayne
http://www.wikidata.org/entity/Q1409226,Weber
http://www.wikidata.org/entity/Q13552129,Buxton
http://www.wikidata.org/entity/Q23609588,Eckstein
http://www.wikidata.org/entity/Q21449166,McNulty
http://www.wikidata.org/entity/Q25297099,Dell
http://www.wikidata.org/entity/Q21484509,McHugh
http://www.wikidata.org/entity/Q24192834,Moric
http://www.wikidata.org/entity/Q15974967,Copland
http://www.wikidata.org/entity/Q16148040,Alt
http://www.wikidata.org/entity/Q26736572,Cáceres
http://www.wikidata.org/entity/Q16282643,Winston
http://www.wikidata.org/entity/Q37260584,Pazera
http://www.wikidata.org/entity/Q33120541,Manne
http://www.wikidata.org/entity/Q21491920,Mainwaring
http://www.wikidata.org/entity/Q37098750,Sargeant
http://www.wikidata.org/entity/Q16479755,Annand
http://www.wikidata.org/entity/Q36882603,Mein
http://www.wikidata.org/entity/Q37330423,Ruston
http://www.wikidata.org/entity/Q21506957,Ellison
http://www.wikidata.org/entity/Q37518081,Charleston
http://www.wikidata.org/entity/Q37544720,Bonus
http://www.wikidata.org/entity/Q37563599,Forder
http://www.wikidata.org/entity/Q36912072,Maddern
http://www.wikidata.org/entity/Q21507261,McPhail
http://www.wikidata.org/entity/Q21509258,Lilley
http://www.wikidata.org/entity/Q27967630,Holstein
http://www.wikidata.org/entity/Q27941845,Piechocki
http://www.wikidata.org/entity/Q26778397,Karan
http://www.wikidata.org/entity/Q16870943,Hutton
http://www.wikidata.org/entity/Q50211490,Tambour
http://www.wikidata.org/entity/Q16876458,Markham
http://www.wikidata.org/entity/Q5458516,Flegg
http://www.wikidata.org/entity/Q12669358,Petty
http://www.wikidata.org/entity/Q112180480,Bocson
http://www.wikidata.org/entity/Q28403235,Leikvoll
http://www.wikidata.org/entity/Q18272482,Walter
http://www.wikidata.org/entity/Q119802944,Falson
http://www.wikidata.org/entity/Q56244849,Zahalka
http://www.wikidata.org/entity/Q56164060,Deveson
http://www.wikidata.org/entity/Q5297020,Doolan
http://www.wikidata.org/entity/Q28136507,Reason
http://www.wikidata.org/entity/Q16876681,McFetridge
http://www.wikidata.org/entity/Q16882093,Ring
http://www.wikidata.org/entity/Q19829516,Laughton
http://www.wikidata.org/entity/Q20997033,Keddie
http://www.wikidata.org/entity/Q37262506,Gowans
http://www.wikidata.org/entity/Q21448980,Rea
http://www.wikidata.org/entity/Q21431226,Teague
http://www.wikidata.org/entity/Q37003667,Knights
http://www.wikidata.org/entity/Q20997405,Morphett
http://www.wikidata.org/entity/Q21484652,Mallett
http://www.wikidata.org/entity/Q21482601,Zukerman
http://www.wikidata.org/entity/Q16865907,Cruse
http://www.wikidata.org/entity/Q37272877,Lugg
http://www.wikidata.org/entity/Q21509232,Bensoussan
http://www.wikidata.org/entity/Q37462391,Haviland
http://www.wikidata.org/entity/Q21510015,Townley
http://www.wikidata.org/entity/Q37486285,Feather
http://www.wikidata.org/entity/Q21493270,Crabbe
http://www.wikidata.org/entity/Q37316469,Cuddington
http://www.wikidata.org/entity/Q37484950,Downy
http://www.wikidata.org/entity/Q16870396,Haigh
http://www.wikidata.org/entity/Q37519856,Munce
http://www.wikidata.org/entity/Q37469936,Kovarik
http://www.wikidata.org/entity/Q37502017,Nero
http://www.wikidata.org/entity/Q16869644,Doull
http://www.wikidata.org/entity/Q16870811,Hobbs
http://www.wikidata.org/entity/Q29048572,Woodbury
http://www.wikidata.org/entity/Q24231614,Erwin
http://www.wikidata.org/entity/Q28083792,Snelling
http://www.wikidata.org/entity/Q16871409,Kingsbury
http://www.wikidata.org/entity/Q16871804,Lander
http://www.wikidata.org/entity/Q37531991,Mowday
http://www.wikidata.org/entity/Q66685775,Masuak
http://www.wikidata.org/entity/Q55208978,Heyde
http://www.wikidata.org/entity/Q36908811,Zadow
http://www.wikidata.org/entity/Q30669547,Wege
http://www.wikidata.org/entity/Q16883406,Skeggs
http://www.wikidata.org/entity/Q55693330,O'Young
http://www.wikidata.org/entity/Q452023,Gibb
http://www.wikidata.org/entity/Q131438754,McDiven
http://www.wikidata.org/entity/Q130748612,Nyst
http://www.wikidata.org/entity/Q116175750,Puplick
http://www.wikidata.org/entity/Q16883357,Sinclair
http://www.wikidata.org/entity/Q16881208,Pie
http://www.wikidata.org/entity/Q37462574,Baulch
http://www.wikidata.org/entity/Q37128286,Gralton
http://www.wikidata.org/entity/Q36859333,Sturkey
http://www.wikidata.org/entity/Q36864755,Vea
http://www.wikidata.org/entity/Q27615142,Cheadle
http://www.wikidata.org/entity/Q37120762,Daft
http://www.wikidata.org/entity/Q5610441,Grose
http://www.wikidata.org/entity/Q7600484,Stapleton
http://www.wikidata.org/entity/Q37464302,Trathen
http://www.wikidata.org/entity/Q37476695,Ley
http://www.wikidata.org/entity/Q5189733,Crozier
http://www.wikidata.org/entity/Q5612413,Grylls
http://www.wikidata.org/entity/Q37489523,Coulston
http://www.wikidata.org/entity/Q37511863,Moffitt
http://www.wikidata.org/entity/Q19902478,Hungerford
http://www.wikidata.org/entity/Q37499217,Banfield
http://www.wikidata.org/entity/Q7127474,Palfreyman
http://www.wikidata.org/entity/Q21452718,Woodley
http://www.wikidata.org/entity/Q37573382,Wallen
http://www.wikidata.org/entity/Q37493311,Paske
http://www.wikidata.org/entity/Q21508877,Thom
http://www.wikidata.org/entity/Q56244132,Fowles
http://www.wikidata.org/entity/Q37538407,Ricketson
http://www.wikidata.org/entity/Q55497853,Houli
http://www.wikidata.org/entity/Q121367817,Chessell
http://www.wikidata.org/entity/Q12294443,Reeves
http://www.wikidata.org/entity/Q21509474,Rosier
http://www.wikidata.org/entity/Q49702567,Parbo
http://www.wikidata.org/entity/Q47547581,Tymms
http://www.wikidata.org/entity/Q23039063,Moretti
http://www.wikidata.org/entity/Q688637,Armit
http://www.wikidata.org/entity/Q131235430,Tayshus
http://www.wikidata.org/entity/Q131587836,Buesst
http://www.wikidata.org/entity/Q139735989,Choppy
http://www.wikidata.org/entity/Q111639925,Abdel-Halim
http://www.wikidata.org/entity/Q111633092,Kippasto
http://www.wikidata.org/entity/Q69878310,Genç
http://www.wikidata.org/entity/Q23774782,Bouchet
http://www.wikidata.org/entity/Q16865871,Crisp
http://www.wikidata.org/entity/Q16872368,Livermore
http://www.wikidata.org/entity/Q16275276,Dallas
http://www.wikidata.org/entity/Q17114963,Wise
http://www.wikidata.org/entity/Q1272737,Hood
http://www.wikidata.org/entity/Q37039234,Sloss
http://www.wikidata.org/entity/Q36955329,Conquest
http://www.wikidata.org/entity/Q140287083,Mabil
http://www.wikidata.org/entity/Q36913864,Feddema
http://www.wikidata.org/entity/Q21511982,Whiting
http://www.wikidata.org/entity/Q1484464,Bush
http://www.wikidata.org/entity/Q16390438,Falconer
http://www.wikidata.org/entity/Q37527609,Speers
http://www.wikidata.org/entity/Q1686377,Jefferis
http://www.wikidata.org/entity/Q37129612,Yardley
http://www.wikidata.org/entity/Q54862614,Shanahan
http://www.wikidata.org/entity/Q56475500,Miels
http://www.wikidata.org/entity/Q37548228,MacCarthy
http://www.wikidata.org/entity/Q37132349,Crosswell
http://www.wikidata.org/entity/Q56434703,Klaebe
http://www.wikidata.org/entity/Q56363498,Macaffer
http://www.wikidata.org/entity/Q749530,Astle
http://www.wikidata.org/entity/Q16877592,Mullins
http://www.wikidata.org/entity/Q54871005,Cosgrave
http://www.wikidata.org/entity/Q37569998,Goodluck
http://www.wikidata.org/entity/Q5039738,Carkeek
http://www.wikidata.org/entity/Q5159144,Conde
http://www.wikidata.org/entity/Q5273710,Dickins
http://www.wikidata.org/entity/Q19902051,Caswell
http://www.wikidata.org/entity/Q56245854,Crampton
http://www.wikidata.org/entity/Q20995974,Chatterton
http://www.wikidata.org/entity/Q56342522,Duperouzel
http://www.wikidata.org/entity/Q62610210,Peever
http://www.wikidata.org/entity/Q65103171,Dutot
http://www.wikidata.org/entity/Q123531891,Gyngell
http://www.wikidata.org/entity/Q131543250,McAvaney
http://www.wikidata.org/entity/Q120440180,Gaensler
http://www.wikidata.org/entity/Q5195619,Curthoys
http://www.wikidata.org/entity/Q6721900,MacGibbon
http://www.wikidata.org/entity/Q21450017,Hambly
http://www.wikidata.org/entity/Q6801609,McInnes
http://www.wikidata.org/entity/Q7903440,Utting
http://www.wikidata.org/entity/Q16209292,Coulter
http://www.wikidata.org/entity/Q7339014,Rixon
http://www.wikidata.org/entity/Q6802703,McSwain
http://www.wikidata.org/entity/Q16452527,Haase
http://www.wikidata.org/entity/Q21491601,Ebert
http://www.wikidata.org/entity/Q13560454,Fawcett
http://www.wikidata.org/entity/Q16859917,Gomersall
http://www.wikidata.org/entity/Q16766446,Vernon
http://www.wikidata.org/entity/Q16479888,Baynton
http://www.wikidata.org/entity/Q16865280,Cable
http://www.wikidata.org/entity/Q21512020,Firman
http://www.wikidata.org/entity/Q16865878,Crocker
http://www.wikidata.org/entity/Q23301352,Mulder
http://www.wikidata.org/entity/Q16869417,Darling
http://www.wikidata.org/entity/Q16869402,Dancer
http://www.wikidata.org/entity/Q23892444,Beyer
http://www.wikidata.org/entity/Q27631735,Geeves
http://www.wikidata.org/entity/Q27986717,Dorey
http://www.wikidata.org/entity/Q24088066,Sholl
http://www.wikidata.org/entity/Q4372638,Popov
http://www.wikidata.org/entity/Q37272661,Ede
http://www.wikidata.org/entity/Q4976514,Brownhill
http://www.wikidata.org/entity/Q28873963,Angell
http://www.wikidata.org/entity/Q16479881,Barrie
http://www.wikidata.org/entity/Q16479734,Bassano
http://www.wikidata.org/entity/Q37280989,Deegan
http://www.wikidata.org/entity/Q29535916,Hannay
http://www.wikidata.org/entity/Q4759296,Andrianopoulos
http://www.wikidata.org/entity/Q6697730,Luckett
http://www.wikidata.org/entity/Q19902419,House
http://www.wikidata.org/entity/Q16479448,Bath
http://www.wikidata.org/entity/Q37110043,Doe
http://www.wikidata.org/entity/Q30668848,Deledio
http://www.wikidata.org/entity/Q36991556,Warton
http://www.wikidata.org/entity/Q37123121,Raguse
http://www.wikidata.org/entity/Q12648436,Angel
http://www.wikidata.org/entity/Q6111417,Romano
http://www.wikidata.org/entity/Q16870646,Hedley
http://www.wikidata.org/entity/Q37513669,Cadd
http://www.wikidata.org/entity/Q37145474,Jeremy
http://www.wikidata.org/entity/Q36944636,Conyngham
http://www.wikidata.org/entity/Q37187582,Bailes
http://www.wikidata.org/entity/Q16865366,Carberry
http://www.wikidata.org/entity/Q16872006,Lees
http://www.wikidata.org/entity/Q16865781,Corrigan
http://www.wikidata.org/entity/Q52487652,Kimmorley
http://www.wikidata.org/entity/Q37500646,Caspers
http://www.wikidata.org/entity/Q56397761,Faehse
http://www.wikidata.org/entity/Q37561990,Barbary
http://www.wikidata.org/entity/Q37175360,Grecian
http://www.wikidata.org/entity/Q66998048,Pomery
http://www.wikidata.org/entity/Q37172170,Berrigan
http://www.wikidata.org/entity/Q66741597,Glencross
http://www.wikidata.org/entity/Q47518190,Robran
http://www.wikidata.org/entity/Q18043300,Luke
http://www.wikidata.org/entity/Q15457173,Mair
http://www.wikidata.org/entity/Q50320066,Jouannet
http://www.wikidata.org/entity/Q137926245,Kalms
http://www.wikidata.org/entity/Q111644890,Thiering
http://www.wikidata.org/entity/Q16860162,Boden
http://www.wikidata.org/entity/Q14633517,Sands
http://www.wikidata.org/entity/Q21502353,Bart
http://www.wikidata.org/entity/Q15181057,Andrade
http://www.wikidata.org/entity/Q33656113,Broadfoot
http://www.wikidata.org/entity/Q16479513,Barnhill
http://www.wikidata.org/entity/Q27887700,Back
http://www.wikidata.org/entity/Q16862209,Lillico
http://www.wikidata.org/entity/Q16479662,Beard
http://www.wikidata.org/entity/Q36998545,Dallimore
http://www.wikidata.org/entity/Q36865766,Clift
http://www.wikidata.org/entity/Q16869974,Floyd
http://www.wikidata.org/entity/Q37263057,Hausler
http://www.wikidata.org/entity/Q16860531,Bromley
http://www.wikidata.org/entity/Q21449167,McTaggart
http://www.wikidata.org/entity/Q21482811,Broun
http://www.wikidata.org/entity/Q16865706,Combe
http://www.wikidata.org/entity/Q37492515,Forkin
http://www.wikidata.org/entity/Q16865684,Colley
http://www.wikidata.org/entity/Q37178824,Redwood
http://www.wikidata.org/entity/Q37538091,Nohra
http://www.wikidata.org/entity/Q16870552,Haslam
http://www.wikidata.org/entity/Q16872506,Loughton
http://www.wikidata.org/entity/Q37518277,Commons
http://www.wikidata.org/entity/Q37452583,Naismith
http://www.wikidata.org/entity/Q21482728,Cappelli
http://www.wikidata.org/entity/Q21491326,Dowie
http://www.wikidata.org/entity/Q37517780,Brien
http://www.wikidata.org/entity/Q20996025,Crisafulli
http://www.wikidata.org/entity/Q18620837,Epstein
http://www.wikidata.org/entity/Q37554028,Manifold
http://www.wikidata.org/entity/Q19901870,Arblaster
http://www.wikidata.org/entity/Q104248206,Tregear
http://www.wikidata.org/entity/Q118047831,Bearde
http://www.wikidata.org/entity/Q21492748,Buffett
http://www.wikidata.org/entity/Q55332511,Cockatoo-Collins
http://www.wikidata.org/entity/Q4261994,Lindner
http://www.wikidata.org/entity/Q21491445,Kellaway
http://www.wikidata.org/entity/Q5170022,Cordner
http://www.wikidata.org/entity/Q21492973,Alam
http://www.wikidata.org/entity/Q21510026,Gurney
http://www.wikidata.org/entity/Q21506649,Sheedy
http://www.wikidata.org/entity/Q5281981,John
http://www.wikidata.org/entity/Q36941919,Boger
http://www.wikidata.org/entity/Q6661269,Cheng
http://www.wikidata.org/entity/Q37017009,Tollner
http://www.wikidata.org/entity/Q632945,Baier
http://www.wikidata.org/entity/Q5694393,Heatley
http://www.wikidata.org/entity/Q24354068,Hartman
http://www.wikidata.org/entity/Q37458564,Bushby
http://www.wikidata.org/entity/Q6406847,Kilgariff
http://www.wikidata.org/entity/Q24237701,Zelinsky
http://www.wikidata.org/entity/Q5884653,Holtermann
http://www.wikidata.org/entity/Q37505784,Dalgleish
http://www.wikidata.org/entity/Q6802401,McMullan
http://www.wikidata.org/entity/Q6859656,Milliner
http://www.wikidata.org/entity/Q865841,Birrell
http://www.wikidata.org/entity/Q7940003,Volavola
http://www.wikidata.org/entity/Q37199805,Borger
http://www.wikidata.org/entity/Q7990600,Whan
http://www.wikidata.org/entity/Q7908773,Vaile
http://www.wikidata.org/entity/Q7071782,O'Dowd
http://www.wikidata.org/entity/Q37506864,Boldery
http://www.wikidata.org/entity/Q37212504,MacRae
http://www.wikidata.org/entity/Q12573029,Jane
http://www.wikidata.org/entity/Q7808390,Tinning
http://www.wikidata.org/entity/Q36872941,Frater
http://www.wikidata.org/entity/Q42178093,Bouveng
http://www.wikidata.org/entity/Q54772591,Beddall
http://www.wikidata.org/entity/Q37165827,Rance
http://www.wikidata.org/entity/Q58411962,Apperley
http://www.wikidata.org/entity/Q27631922,Way
http://www.wikidata.org/entity/Q62782034,Bussau
http://www.wikidata.org/entity/Q56250652,Buttifant
http://www.wikidata.org/entity/Q111756114,Buko
http://www.wikidata.org/entity/Q37482148,Keath
http://www.wikidata.org/entity/Q97656569,Boykett
http://www.wikidata.org/entity/Q111756356,Cervinski
http://www.wikidata.org/entity/Q37487575,Fasolo
http://www.wikidata.org/entity/Q37450937,Skene
http://www.wikidata.org/entity/Q126740549,Rugendyke
http://www.wikidata.org/entity/Q37506838,McHoul
http://www.wikidata.org/entity/Q16824781,Van Manen
http://www.wikidata.org/entity/Q16865323,Callinan
http://www.wikidata.org/entity/Q16865688,Collings
http://www.wikidata.org/entity/Q37528515,McAulay
http://www.wikidata.org/entity/Q16865824,Cowie
http://www.wikidata.org/entity/Q4930598,Bluett
http://www.wikidata.org/entity/Q37529937,Peak
http://www.wikidata.org/entity/Q99911378,Rokobaro
http://www.wikidata.org/entity/Q136186108,Somlyay
http://www.wikidata.org/entity/Q139889858,Hurwood
http://www.wikidata.org/entity/Q16910503,Harrold
http://www.wikidata.org/entity/Q43172720,Karapetyan
http://www.wikidata.org/entity/Q47543184,Gallacher
http://www.wikidata.org/entity/Q16869329,Wainer
http://www.wikidata.org/entity/Q16873764,Pratten
http://www.wikidata.org/entity/Q16872404,Locke
http://www.wikidata.org/entity/Q16881166,Pfitzner
http://www.wikidata.org/entity/Q68099503,Wodak
http://www.wikidata.org/entity/Q403433,de Jong
http://www.wikidata.org/entity/Q17034171,Watkins
http://www.wikidata.org/entity/Q8114053,Katz
http://www.wikidata.org/entity/Q16870860,Honan
http://www.wikidata.org/entity/Q16861654,Makeham
http://www.wikidata.org/entity/Q16870311,Griggs
http://www.wikidata.org/entity/Q16875442,McCowan
http://www.wikidata.org/entity/Q16799174,Poke
http://www.wikidata.org/entity/Q19636499,Hendrickson
http://www.wikidata.org/entity/Q16876531,Massie
http://www.wikidata.org/entity/Q14947294,Schwarz
http://www.wikidata.org/entity/Q21450139,McNair
http://www.wikidata.org/entity/Q16479827,Baring
http://www.wikidata.org/entity/Q16860229,Book
http://www.wikidata.org/entity/Q16860302,Bowden
http://www.wikidata.org/entity/Q15234651,Kempf
http://www.wikidata.org/entity/Q21482644,Speed
http://www.wikidata.org/entity/Q21449954,Telfer
http://www.wikidata.org/entity/Q16867817,Treasure
http://www.wikidata.org/entity/Q16865443,Caterson
http://www.wikidata.org/entity/Q16869774,Edmunds
http://www.wikidata.org/entity/Q21492234,Winch
http://www.wikidata.org/entity/Q21484853,McMaster
http://www.wikidata.org/entity/Q16877901,Negro
http://www.wikidata.org/entity/Q16881743,Quine
http://www.wikidata.org/entity/Q21507202,Whittaker
http://www.wikidata.org/entity/Q21502060,Dimond
http://www.wikidata.org/entity/Q21493233,Troughton
http://www.wikidata.org/entity/Q21507570,Considine
http://www.wikidata.org/entity/Q21508272,Hoare
http://www.wikidata.org/entity/Q25114309,Landers
http://www.wikidata.org/entity/Q21509831,Dugdale
http://www.wikidata.org/entity/Q21509041,Linklater
http://www.wikidata.org/entity/Q2050589,Pape
http://www.wikidata.org/entity/Q7923102,Veryard
http://www.wikidata.org/entity/Q35212926,Beeton
http://www.wikidata.org/entity/Q26772804,Elias
http://www.wikidata.org/entity/Q21507806,Heinze
http://www.wikidata.org/entity/Q5003414,Buzacott
http://www.wikidata.org/entity/Q26235204,Loudon
http://www.wikidata.org/entity/Q27264955,Limb
http://www.wikidata.org/entity/Q26780679,Vince
http://www.wikidata.org/entity/Q19902569,Kirkham
http://www.wikidata.org/entity/Q36969766,Sherrington
http://www.wikidata.org/entity/Q29535286,Unwin
http://www.wikidata.org/entity/Q37036274,Isherwood
http://www.wikidata.org/entity/Q6801129,McFadzean
http://www.wikidata.org/entity/Q37557001,Mable
http://www.wikidata.org/entity/Q21450859,Chaney
http://www.wikidata.org/entity/Q31175065,Lenne
http://www.wikidata.org/entity/Q30129539,Ripoll
http://www.wikidata.org/entity/Q37228169,Sneath
http://www.wikidata.org/entity/Q37529548,Tidyman
http://www.wikidata.org/entity/Q37479626,Wilden
http://www.wikidata.org/entity/Q37534757,Such
http://www.wikidata.org/entity/Q37569908,Ironmonger
http://www.wikidata.org/entity/Q37510627,Zara
http://www.wikidata.org/entity/Q55739752,Jaworskyj
http://www.wikidata.org/entity/Q21491261,Partridge
http://www.wikidata.org/entity/Q16275813,Fenton
http://www.wikidata.org/entity/Q21491621,Krahe
http://www.wikidata.org/entity/Q47842066,Renfrey
http://www.wikidata.org/entity/Q130310083,Mackennal
http://www.wikidata.org/entity/Q56540473,Rischbieth
http://www.wikidata.org/entity/Q37570634,Maza
http://www.wikidata.org/entity/Q56137753,Simunsen
http://www.wikidata.org/entity/Q55231611,Stensholt
http://www.wikidata.org/entity/Q27533833,Pointer
http://www.wikidata.org/entity/Q23774742,Collard
http://www.wikidata.org/entity/Q18549,Bowers
http://www.wikidata.org/entity/Q16742085,Moses
http://www.wikidata.org/entity/Q16867738,Malpas
http://www.wikidata.org/entity/Q65067218,Lulham
http://www.wikidata.org/entity/Q121605593,Outterside
http://www.wikidata.org/entity/Q28837078,Vale
http://www.wikidata.org/entity/Q16881336,Poole
http://www.wikidata.org/entity/Q16880625,Oakes
http://www.wikidata.org/entity/Q16796976,Dummett
http://www.wikidata.org/entity/Q29398456,Gruen
http://www.wikidata.org/entity/Q15897047,Percy
http://www.wikidata.org/entity/Q16876893,Metz
http://www.wikidata.org/entity/Q16938768,Willcox
http://www.wikidata.org/entity/Q1362661,Hahn
http://www.wikidata.org/entity/Q1778615,Kohler
http://www.wikidata.org/entity/Q18844722,Lamp
http://www.wikidata.org/entity/Q16881390,Prescott
http://www.wikidata.org/entity/Q16883697,Spry
http://www.wikidata.org/entity/Q36883367,Sponberg
http://www.wikidata.org/entity/Q37215066,Stilwell
http://www.wikidata.org/entity/Q20746448,Teo
http://www.wikidata.org/entity/Q16872185,Ling
http://www.wikidata.org/entity/Q37195682,Leist
http://www.wikidata.org/entity/Q37056364,Purdue
http://www.wikidata.org/entity/Q37251815,Talia
http://www.wikidata.org/entity/Q37497404,Sleeman
http://www.wikidata.org/entity/Q20997511,Nuttall
http://www.wikidata.org/entity/Q16876662,McConville
http://www.wikidata.org/entity/Q37510237,Lowen
http://www.wikidata.org/entity/Q37518748,Tidswell
http://www.wikidata.org/entity/Q2798643,Rothery
http://www.wikidata.org/entity/Q37560604,Stacey
http://www.wikidata.org/entity/Q37555593,Reys
http://www.wikidata.org/entity/Q37534041,Stampfl
http://www.wikidata.org/entity/Q5070535,Ramsey
http://www.wikidata.org/entity/Q5302667,Dowding
http://www.wikidata.org/entity/Q47543614,Flatow
http://www.wikidata.org/entity/Q5611511,Grover
http://www.wikidata.org/entity/Q21504592,Morrissey
http://www.wikidata.org/entity/Q54612358,Beerworth
http://www.wikidata.org/entity/Q5620258,Gurr
http://www.wikidata.org/entity/Q50377314,Castledine
http://www.wikidata.org/entity/Q21449160,McGlinchey
http://www.wikidata.org/entity/Q6894677,Moir
http://www.wikidata.org/entity/Q28800766,Powers
http://www.wikidata.org/entity/Q21449910,Venables
http://www.wikidata.org/entity/Q20998264,Wertheim
http://www.wikidata.org/entity/Q36945494,Meere
http://www.wikidata.org/entity/Q88959558,Vidgen
http://www.wikidata.org/entity/Q117037756,Terenzini
http://www.wikidata.org/entity/Q21507589,Crofts
http://www.wikidata.org/entity/Q64432383,Tanti
http://www.wikidata.org/entity/Q7158278,Pears
http://www.wikidata.org/entity/Q21493562,Walmsley
http://www.wikidata.org/entity/Q709458,Kang
http://www.wikidata.org/entity/Q6547928,Lill
http://www.wikidata.org/entity/Q21491354,Rigby
http://www.wikidata.org/entity/Q37094711,Fincher
http://www.wikidata.org/entity/Q37132112,Keyser
http://www.wikidata.org/entity/Q21511782,McComas
http://www.wikidata.org/entity/Q37486930,Learmonth
http://www.wikidata.org/entity/Q21509949,de Burgh
http://www.wikidata.org/entity/Q6731107,Magin
http://www.wikidata.org/entity/Q47835319,Sandford
http://www.wikidata.org/entity/Q56140475,Salvana
http://www.wikidata.org/entity/Q7932474,Viney
http://www.wikidata.org/entity/Q24192818,Mór
http://www.wikidata.org/entity/Q27251921,Lamont
http://www.wikidata.org/entity/Q56246567,Ayscough
http://www.wikidata.org/entity/Q12657094,Jakovich
http://www.wikidata.org/entity/Q47878622,Foletta
http://www.wikidata.org/entity/Q30669512,Westwood
http://www.wikidata.org/entity/Q12671103,Reeve
http://www.wikidata.org/entity/Q109648178,Laseron
http://www.wikidata.org/entity/Q16479341,Alder
http://www.wikidata.org/entity/Q27435108,Hasan
http://www.wikidata.org/entity/Q16768071,Cadman
http://www.wikidata.org/entity/Q101429301,Troedel
http://www.wikidata.org/entity/Q37471301,Massingale
http://www.wikidata.org/entity/Q131543274,McNess
http://www.wikidata.org/entity/Q884653,Block
http://www.wikidata.org/entity/Q47763071,McDougall
http://www.wikidata.org/entity/Q16278874,Manly
http://www.wikidata.org/entity/Q16825463,Cann
http://www.wikidata.org/entity/Q76945702,Coudraye
http://www.wikidata.org/entity/Q16870919,Hulme
http://www.wikidata.org/entity/Q45377292,Tuckey
http://www.wikidata.org/entity/Q37569854,Cairncross
http://www.wikidata.org/entity/Q81994831,Plicka
http://www.wikidata.org/entity/Q16869943,Finger
http://www.wikidata.org/entity/Q56140219,Schammer
http://www.wikidata.org/entity/Q117352520,Lindores
http://www.wikidata.org/entity/Q16880627,Oakley
http://www.wikidata.org/entity/Q16876205,Mackley
http://www.wikidata.org/entity/Q16865467,Chadwick
http://www.wikidata.org/entity/Q37572391,Niebling
http://www.wikidata.org/entity/Q119438162,Blackmann
http://www.wikidata.org/entity/Q18589306,Hopgood
http://www.wikidata.org/entity/Q21482686,Pearsall
http://www.wikidata.org/entity/Q16871820,Langdon
http://www.wikidata.org/entity/Q16877286,Moffat
http://www.wikidata.org/entity/Q16877457,Moss
http://www.wikidata.org/entity/Q16876716,McMullin
http://www.wikidata.org/entity/Q16865846,Crawley
http://www.wikidata.org/entity/Q21482965,Charlesworth
http://www.wikidata.org/entity/Q21487145,Jefferies
http://www.wikidata.org/entity/Q18324663,Hird
http://www.wikidata.org/entity/Q21492616,Pentland
http://www.wikidata.org/entity/Q21511131,McIndoe
http://www.wikidata.org/entity/Q21502144,McKee
http://www.wikidata.org/entity/Q21507213,Pittard
http://www.wikidata.org/entity/Q1422706,Grimm
http://www.wikidata.org/entity/Q21449067,Picken
http://www.wikidata.org/entity/Q28657543,Cassell
http://www.wikidata.org/entity/Q5765681,Hince
http://www.wikidata.org/entity/Q21405537,Edward
http://www.wikidata.org/entity/Q6963760,Nankivell
http://www.wikidata.org/entity/Q21476736,Foote
http://www.wikidata.org/entity/Q37016413,Loxton
http://www.wikidata.org/entity/Q31047611,Gaffney
http://www.wikidata.org/entity/Q21491351,Coddington
http://www.wikidata.org/entity/Q30168011,Carmody
http://www.wikidata.org/entity/Q36943005,Ezard
http://www.wikidata.org/entity/Q5464901,Folwell
http://www.wikidata.org/entity/Q15526629,Courtnay
http://www.wikidata.org/entity/Q21494177,Boase
http://www.wikidata.org/entity/Q7821066,Tonge
http://www.wikidata.org/entity/Q16782368,Finnan
http://www.wikidata.org/entity/Q5161248,Conlin
http://www.wikidata.org/entity/Q7962564,Walkom
http://www.wikidata.org/entity/Q37438311,Dufty
http://www.wikidata.org/entity/Q21511152,McLucas
http://www.wikidata.org/entity/Q16870404,Hale
http://www.wikidata.org/entity/Q16870350,Guest
http://www.wikidata.org/entity/Q16821960,Lundie
http://www.wikidata.org/entity/Q21500593,Blanchard
http://www.wikidata.org/entity/Q7637929,Summons
http://www.wikidata.org/entity/Q37512000,Ridley
http://www.wikidata.org/entity/Q41768976,Finkel
http://www.wikidata.org/entity/Q37531280,McGilvray
http://www.wikidata.org/entity/Q37511250,Eskander
http://www.wikidata.org/entity/Q16865298,Calabro
http://www.wikidata.org/entity/Q37535875,Quartermaine
http://www.wikidata.org/entity/Q50883934,Sibbons
http://www.wikidata.org/entity/Q25323672,Rocher
http://www.wikidata.org/entity/Q16860313,Boynton
http://www.wikidata.org/entity/Q28226266,Creswick
http://www.wikidata.org/entity/Q16865320,Callaway
http://www.wikidata.org/entity/Q37506368,Ruthven
http://www.wikidata.org/entity/Q37073739,Ganter
http://www.wikidata.org/entity/Q13553783,Coles
http://www.wikidata.org/entity/Q37508004,Bauld
http://www.wikidata.org/entity/Q28799969,Grice
http://www.wikidata.org/entity/Q30315489,Ashbolt
http://www.wikidata.org/entity/Q55467786,Didak
http://www.wikidata.org/entity/Q55242411,Cransberg
http://www.wikidata.org/entity/Q16871079,Iredale
http://www.wikidata.org/entity/Q55692534,Preen
http://www.wikidata.org/entity/Q37556830,Fallah
http://www.wikidata.org/entity/Q16860078,Blakeley
http://www.wikidata.org/entity/Q87658018,Rait
http://www.wikidata.org/entity/Q21513253,Lightfoot
http://www.wikidata.org/entity/Q27206004,Gribble
http://www.wikidata.org/entity/Q16818993,Oxford
http://www.wikidata.org/entity/Q16799208,Gietzelt
http://www.wikidata.org/entity/Q116147730,Missen
http://www.wikidata.org/entity/Q21491468,Kitto
http://www.wikidata.org/entity/Q21450092,Liddell
http://www.wikidata.org/entity/Q21507430,Clune
http://www.wikidata.org/entity/Q16868399,Greenup
http://www.wikidata.org/entity/Q16865757,Corfe
http://www.wikidata.org/entity/Q21506752,McGuinness
http://www.wikidata.org/entity/Q36861609,Jull
http://www.wikidata.org/entity/Q21493086,Howarth
http://www.wikidata.org/entity/Q36896105,Gonski
http://www.wikidata.org/entity/Q16876470,Marriott
http://www.wikidata.org/entity/Q37111506,Leitch
http://www.wikidata.org/entity/Q37211142,Hodgett
http://www.wikidata.org/entity/Q117755893,Xamon
http://www.wikidata.org/entity/Q21507432,Coad
http://www.wikidata.org/entity/Q96478529,Rehfisch
http://www.wikidata.org/entity/Q65648461,MacMahon
http://www.wikidata.org/entity/Q567889,Saleh
http://www.wikidata.org/entity/Q19768198,Shirley
http://www.wikidata.org/entity/Q28200020,Hodgkinson
http://www.wikidata.org/entity/Q20669037,Bayldon
http://www.wikidata.org/entity/Q36868637,Loughran
http://www.wikidata.org/entity/Q37304017,Hala
http://www.wikidata.org/entity/Q37032433,Denholm
http://www.wikidata.org/entity/Q37538747,Karoly
http://www.wikidata.org/entity/Q886296,Blumenthal
http://www.wikidata.org/entity/Q26709934,Downing
http://www.wikidata.org/entity/Q21450201,Varley
http://www.wikidata.org/entity/Q20997880,Shakespeare
http://www.wikidata.org/entity/Q5004127,Byles
http://www.wikidata.org/entity/Q5069042,Chaloner
http://www.wikidata.org/entity/Q5336626,Eddy
http://www.wikidata.org/entity/Q36895005,Marien
http://www.wikidata.org/entity/Q6801601,McIlwaine
http://www.wikidata.org/entity/Q37516210,Furner
http://www.wikidata.org/entity/Q47880753,Gaunson
http://www.wikidata.org/entity/Q37571024,Hone
http://www.wikidata.org/entity/Q21454108,Bagot
http://www.wikidata.org/entity/Q21484790,Sanger
http://www.wikidata.org/entity/Q13553579,Gilmour
http://www.wikidata.org/entity/Q1260304,Berger
http://www.wikidata.org/entity/Q37191558,Matich
http://www.wikidata.org/entity/Q37247608,Nicklin
http://www.wikidata.org/entity/Q37215915,Berryman
http://www.wikidata.org/entity/Q37462165,Micic
http://www.wikidata.org/entity/Q37465619,Kirwan
http://www.wikidata.org/entity/Q21502057,Dignam
http://www.wikidata.org/entity/Q37481705,Lukis
http://www.wikidata.org/entity/Q16159405,Agnew
http://www.wikidata.org/entity/Q37527032,Futter
http://www.wikidata.org/entity/Q37515359,Madill
http://www.wikidata.org/entity/Q21510801,Gall
http://www.wikidata.org/entity/Q24088224,Trethowan
http://www.wikidata.org/entity/Q16479589,Beers
http://www.wikidata.org/entity/Q16278935,Mara
http://www.wikidata.org/entity/Q47553224,Dossetor
http://www.wikidata.org/entity/Q37542353,Misson
http://www.wikidata.org/entity/Q4903686,Bickmore
http://www.wikidata.org/entity/Q47482763,Bladin
http://www.wikidata.org/entity/Q50300629,Lugton
http://www.wikidata.org/entity/Q16860066,Blackwood
http://www.wikidata.org/entity/Q16860232,Boomer
http://www.wikidata.org/entity/Q51999873,Halleday
http://www.wikidata.org/entity/Q24706808,Toby
http://www.wikidata.org/entity/Q51990467,Nieass
http://www.wikidata.org/entity/Q30526462,Rodgers
http://www.wikidata.org/entity/Q5295643,Donegan
http://www.wikidata.org/entity/Q75163404,McGuren
http://www.wikidata.org/entity/Q16860291,Bouma
http://www.wikidata.org/entity/Q37193480,Lawes
http://www.wikidata.org/entity/Q16865407,Cartwright
http://www.wikidata.org/entity/Q30584355,Justice
http://www.wikidata.org/entity/Q11963736,Christiansen
http://www.wikidata.org/entity/Q37120801,Sowden
http://www.wikidata.org/entity/Q16865750,Corby
http://www.wikidata.org/entity/Q6802172,McLeavy
http://www.wikidata.org/entity/Q6801954,McKinna
http://www.wikidata.org/entity/Q16869995,Forrester
http://www.wikidata.org/entity/Q55549018,Galbally
http://www.wikidata.org/entity/Q37512306,Papas
http://www.wikidata.org/entity/Q37498977,Erby
http://www.wikidata.org/entity/Q16869651,Dowling
http://www.wikidata.org/entity/Q122839605,Hagney
http://www.wikidata.org/entity/Q131539352,McEncroe
http://www.wikidata.org/entity/Q37437685,Hutchin
http://www.wikidata.org/entity/Q37561215,Mattingley
http://www.wikidata.org/entity/Q37269320,Sterry
http://www.wikidata.org/entity/Q7916671,Vasilevski
http://www.wikidata.org/entity/Q37565094,Surridge
http://www.wikidata.org/entity/Q6724039,Maciejewski
http://www.wikidata.org/entity/Q16871867,Larson
http://www.wikidata.org/entity/Q6079128,Isbister
http://www.wikidata.org/entity/Q50139203,Tange
http://www.wikidata.org/entity/Q16279042,Marston
http://www.wikidata.org/entity/Q14590094,Balogh
http://www.wikidata.org/entity/Q4160058,Jacobson
http://www.wikidata.org/entity/Q7618658,Stollery
http://www.wikidata.org/entity/Q45422717,Loone
http://www.wikidata.org/entity/Q44147411,Rylah
http://www.wikidata.org/entity/Q47535993,Hinman
http://www.wikidata.org/entity/Q16479695,Beaton
http://www.wikidata.org/entity/Q16877747,Nairn
http://www.wikidata.org/entity/Q16876728,Meade
http://www.wikidata.org/entity/Q55234353,Clues
http://www.wikidata.org/entity/Q16865622,Cleland
http://www.wikidata.org/entity/Q105804939,Kitinas
http://www.wikidata.org/entity/Q17747225,Paltridge
http://www.wikidata.org/entity/Q56033130,O'Bryan
http://www.wikidata.org/entity/Q21450126,Guglielmi
http://www.wikidata.org/entity/Q2543039,Wallin
http://www.wikidata.org/entity/Q16865874,Critchley
http://www.wikidata.org/entity/Q14626282,Bryan
http://www.wikidata.org/entity/Q66305835,Sinodinos
http://www.wikidata.org/entity/Q21475497,Fenlon
http://www.wikidata.org/entity/Q21491923,Malley
http://www.wikidata.org/entity/Q15776674,Roper
http://www.wikidata.org/entity/Q21484851,McBride
http://www.wikidata.org/entity/Q17190129,Cock
http://www.wikidata.org/entity/Q16869748,Earl
http://www.wikidata.org/entity/Q21492582,March
http://www.wikidata.org/entity/Q16797560,Wrench
http://www.wikidata.org/entity/Q1387359,McLaughlin
http://www.wikidata.org/entity/Q21498609,Sansom
http://www.wikidata.org/entity/Q21494583,Yuen
http://www.wikidata.org/entity/Q16869963,Fleetwood
http://www.wikidata.org/entity/Q20021676,Wang
http://www.wikidata.org/entity/Q21507387,Goodrick
http://www.wikidata.org/entity/Q16872663,Whish
http://www.wikidata.org/entity/Q16883614,Southern
http://www.wikidata.org/entity/Q21449077,Lanfranchi
http://www.wikidata.org/entity/Q20518913,Verbitsky
http://www.wikidata.org/entity/Q20743342,Vallejo
http://www.wikidata.org/entity/Q27237386,Crossman
http://www.wikidata.org/entity/Q24088073,Mehigan
http://www.wikidata.org/entity/Q2133813,Ray
http://www.wikidata.org/entity/Q29172645,Schofield
http://www.wikidata.org/entity/Q28404559,Widdop
http://www.wikidata.org/entity/Q24085233,Presland
http://www.wikidata.org/entity/Q18810214,Ralph
http://www.wikidata.org/entity/Q21492097,Manzano
http://www.wikidata.org/entity/Q6744896,Malthouse
http://www.wikidata.org/entity/Q21492839,McCune
http://www.wikidata.org/entity/Q29571470,Manton
http://www.wikidata.org/entity/Q7913753,Van Vuuren
http://www.wikidata.org/entity/Q21493594,Bernardi
http://www.wikidata.org/entity/Q2567205,Whitty
http://www.wikidata.org/entity/Q6760833,Margules
http://www.wikidata.org/entity/Q7162656,Penfold
http://www.wikidata.org/entity/Q21496782,Vlasenko
http://www.wikidata.org/entity/Q32703721,Eck
http://www.wikidata.org/entity/Q8031636,Womersley
http://www.wikidata.org/entity/Q8003526,Willcock
http://www.wikidata.org/entity/Q21491582,Wilks
http://www.wikidata.org/entity/Q37220075,Gudgeon
http://www.wikidata.org/entity/Q37281739,Knoke
http://www.wikidata.org/entity/Q21511146,McLeish
http://www.wikidata.org/entity/Q21513090,Oberman
http://www.wikidata.org/entity/Q21491619,Fleck
http://www.wikidata.org/entity/Q21510165,Bērziņš
http://www.wikidata.org/entity/Q37214286,Liddiard
http://www.wikidata.org/entity/Q28836897,Cain
http://www.wikidata.org/entity/Q28402779,Skirving
http://www.wikidata.org/entity/Q27235850,Stoney
http://www.wikidata.org/entity/Q5643065,Halloway
http://www.wikidata.org/entity/Q6772134,Marmion
http://www.wikidata.org/entity/Q37167796,Muncey
http://www.wikidata.org/entity/Q37522389,Malarkey
http://www.wikidata.org/entity/Q37287968,Files
http://www.wikidata.org/entity/Q37452495,Crew
http://www.wikidata.org/entity/Q37432577,Catalano
http://www.wikidata.org/entity/Q7252245,Proudfoot
http://www.wikidata.org/entity/Q37556368,Hasler
http://www.wikidata.org/entity/Q56248225,Cowton
http://www.wikidata.org/entity/Q54868839,Minihan
http://www.wikidata.org/entity/Q16281136,Salem
http://www.wikidata.org/entity/Q16870065,Fyffe
http://www.wikidata.org/entity/Q37436216,Greive
http://www.wikidata.org/entity/Q37236247,Pedley
http://www.wikidata.org/entity/Q56248302,Cowmeadow
http://www.wikidata.org/entity/Q7861413,Tyquin
http://www.wikidata.org/entity/Q33126319,Friström
http://www.wikidata.org/entity/Q14181409,Heim
http://www.wikidata.org/entity/Q131459327,McGrillen
http://www.wikidata.org/entity/Q131543483,McCaffrie
http://www.wikidata.org/entity/Q56304207,Dhurrkay
http://www.wikidata.org/entity/Q29535046,Trotter
http://www.wikidata.org/entity/Q37231002,Mitelman
http://www.wikidata.org/entity/Q28223152,Steytler
http://www.wikidata.org/entity/Q7802820,Tilley
http://www.wikidata.org/entity/Q47515022,Soliman
http://www.wikidata.org/entity/Q56035670,Freedman
http://www.wikidata.org/entity/Q36869238,Semmler
http://www.wikidata.org/entity/Q16884005,Sumner
http://www.wikidata.org/entity/Q36877907,Sequeira
http://www.wikidata.org/entity/Q56245655,Mifsud
http://www.wikidata.org/entity/Q16870531,Harrigan
http://www.wikidata.org/entity/Q16871484,Knott
http://www.wikidata.org/entity/Q56246503,Morshead
http://www.wikidata.org/entity/Q61983244,Pekárek
http://www.wikidata.org/entity/Q59080574,Pratistha
http://www.wikidata.org/entity/Q19800847,Trevor
http://www.wikidata.org/entity/Q58372292,Kipner
http://www.wikidata.org/entity/Q37240052,Tisdell
http://www.wikidata.org/entity/Q37034597,Bowditch
http://www.wikidata.org/entity/Q37268242,Clough
http://www.wikidata.org/entity/Q72103013,Lasar
http://www.wikidata.org/entity/Q97668299,Bayevskiy
http://www.wikidata.org/entity/Q106512790,Tombides
http://www.wikidata.org/entity/Q16880533,Northam
http://www.wikidata.org/entity/Q63344241,Rudeforth
http://www.wikidata.org/entity/Q38999917,Ho
http://www.wikidata.org/entity/Q37535510,Crowl
http://www.wikidata.org/entity/Q17372492,Ludwig
http://www.wikidata.org/entity/Q18331138,Leak
http://www.wikidata.org/entity/Q21491559,Tarrant
http://www.wikidata.org/entity/Q21491629,Joye
http://www.wikidata.org/entity/Q1738213,Keller
http://www.wikidata.org/entity/Q7071777,O'Donohue
http://www.wikidata.org/entity/Q5161731,Connellan
http://www.wikidata.org/entity/Q5928431,Hudleston
http://www.wikidata.org/entity/Q21450404,Hodgman
http://www.wikidata.org/entity/Q30315490,Davy
http://www.wikidata.org/entity/Q27429821,Sheppard
http://www.wikidata.org/entity/Q14473322,Platt
http://www.wikidata.org/entity/Q7915566,Vardon
http://www.wikidata.org/entity/Q36861012,Chronis
http://www.wikidata.org/entity/Q21491172,McIlroy
http://www.wikidata.org/entity/Q37022943,Silagy
http://www.wikidata.org/entity/Q36878030,Triantis
http://www.wikidata.org/entity/Q19902393,Hooton
http://www.wikidata.org/entity/Q37033687,Scalzo
http://www.wikidata.org/entity/Q37308709,Jantzen
http://www.wikidata.org/entity/Q21500407,Stefaniak
http://www.wikidata.org/entity/Q1544833,Greenwood
http://www.wikidata.org/entity/Q21447900,Fazio
http://www.wikidata.org/entity/Q37121801,Wootton
http://www.wikidata.org/entity/Q21504896,Lamond
http://www.wikidata.org/entity/Q56246110,Uhlmann
http://www.wikidata.org/entity/Q21508138,Twomey
http://www.wikidata.org/entity/Q37517500,Sorbello
http://www.wikidata.org/entity/Q59663499,Kelen
http://www.wikidata.org/entity/Q24088165,Serong
http://www.wikidata.org/entity/Q26224011,Shelton
http://www.wikidata.org/entity/Q136244723,Palmerston
http://www.wikidata.org/entity/Q15830325,Lind
http://www.wikidata.org/entity/Q27643238,Kinnear
http://www.wikidata.org/entity/Q60799799,Papageorgiou
http://www.wikidata.org/entity/Q817795,Benko
http://www.wikidata.org/entity/Q37478269,Bresnan
http://www.wikidata.org/entity/Q123999548,Rissel
http://www.wikidata.org/entity/Q1158333,Ritter
http://www.wikidata.org/entity/Q100275664,Sudradjat
http://www.wikidata.org/entity/Q37540583,Kurts
http://www.wikidata.org/entity/Q37573720,Douge
http://www.wikidata.org/entity/Q31037245,Riordan
http://www.wikidata.org/entity/Q37470450,Sewart
http://www.wikidata.org/entity/Q5262721,Dermer
http://www.wikidata.org/entity/Q16866278,McTiernan
http://www.wikidata.org/entity/Q37442276,Prest
http://www.wikidata.org/entity/Q1315513,Kehoe
http://www.wikidata.org/entity/Q5307682,Dring
http://www.wikidata.org/entity/Q7261309,Purkiss
http://www.wikidata.org/entity/Q16872455,Lonsdale
http://www.wikidata.org/entity/Q4696992,Aila
http://www.wikidata.org/entity/Q37511750,Kibby
http://www.wikidata.org/entity/Q6421914,Kneen
http://www.wikidata.org/entity/Q37477958,Stalker
http://www.wikidata.org/entity/Q16883856,Stirling
http://www.wikidata.org/entity/Q37550134,Mildenhall
http://www.wikidata.org/entity/Q56243929,Laycock
http://www.wikidata.org/entity/Q12787870,Drake-Brockman
http://www.wikidata.org/entity/Q16882319,Rouse
http://www.wikidata.org/entity/Q16915724,Wheelwright
http://www.wikidata.org/entity/Q55664868,Nettlefold
http://www.wikidata.org/entity/Q16159826,Aholelei
http://www.wikidata.org/entity/Q16872414,Logan
http://www.wikidata.org/entity/Q20519491,Marinko
http://www.wikidata.org/entity/Q116156100,O'Chee
http://www.wikidata.org/entity/Q21502248,Parish
http://www.wikidata.org/entity/Q21506699,Pitts
http://www.wikidata.org/entity/Q27493931,Jowett
http://www.wikidata.org/entity/Q5187637,Crompton
http://www.wikidata.org/entity/Q16865358,Capon
http://www.wikidata.org/entity/Q21507810,Heitmann
http://www.wikidata.org/entity/Q22294393,Telford
http://www.wikidata.org/entity/Q29048799,Keane
http://www.wikidata.org/entity/Q5169776,Corbitt
http://www.wikidata.org/entity/Q4958588,Brazel
http://www.wikidata.org/entity/Q37225304,Weser
http://www.wikidata.org/entity/Q7918724,Veivers
http://www.wikidata.org/entity/Q16870769,Heydon
http://www.wikidata.org/entity/Q36880728,Eagar
http://www.wikidata.org/entity/Q37122343,Wing
http://www.wikidata.org/entity/Q36860577,Psaltis
http://www.wikidata.org/entity/Q37195337,Wagstaff
http://www.wikidata.org/entity/Q16883643,Spalding
http://www.wikidata.org/entity/Q37528102,Pegler
http://www.wikidata.org/entity/Q16876005,Lumsden
http://www.wikidata.org/entity/Q96479175,Weatherburn
http://www.wikidata.org/entity/Q16869512,Denis
http://www.wikidata.org/entity/Q37486727,Pain
http://www.wikidata.org/entity/Q37471214,Guglielmino
http://www.wikidata.org/entity/Q14921982,Pierce
http://www.wikidata.org/entity/Q16885000,Wigg
http://www.wikidata.org/entity/Q20519612,Kornhauser
http://www.wikidata.org/entity/Q37012427,Connerton
http://www.wikidata.org/entity/Q37032336,Kenna
http://www.wikidata.org/entity/Q5748424,Hewitson
http://www.wikidata.org/entity/Q21489090,Alcott
http://www.wikidata.org/entity/Q20997227,Lower
http://www.wikidata.org/entity/Q5055489,Cayzer
http://www.wikidata.org/entity/Q1374920,Foran
http://www.wikidata.org/entity/Q37317223,Dewhirst
http://www.wikidata.org/entity/Q37492670,Milford
http://www.wikidata.org/entity/Q37526075,Hallstrom
http://www.wikidata.org/entity/Q37487695,Craigie
http://www.wikidata.org/entity/Q37538120,Officer
http://www.wikidata.org/entity/Q16798714,Weight
http://www.wikidata.org/entity/Q37573983,Walling
http://www.wikidata.org/entity/Q7535070,Skidmore
http://www.wikidata.org/entity/Q16871388,Killeen
http://www.wikidata.org/entity/Q16876677,McFadden
http://www.wikidata.org/entity/Q47515099,Pulsford
http://www.wikidata.org/entity/Q9667022,Brito
http://www.wikidata.org/entity/Q63788160,Pegge
http://www.wikidata.org/entity/Q47844856,Greeves
http://www.wikidata.org/entity/Q88053335,Dumaresq
http://www.wikidata.org/entity/Q56245461,Findley
http://www.wikidata.org/entity/Q27258609,Quirk
http://www.wikidata.org/entity/Q109690234,Fiennes-Clinton
http://www.wikidata.org/entity/Q65953328,St John
http://www.wikidata.org/entity/Q29169117,Illingworth
http://www.wikidata.org/entity/Q30410580,Tweddell
http://www.wikidata.org/entity/Q18355916,Lorraine
http://www.wikidata.org/entity/Q18226037,Hé
http://www.wikidata.org/entity/Q17983890,Rivers
http://www.wikidata.org/entity/Q37319022,Coombe
http://www.wikidata.org/entity/Q30525040,Rigney
http://www.wikidata.org/entity/Q37133426,Husic
http://www.wikidata.org/entity/Q36994001,Weidenbach
http://www.wikidata.org/entity/Q37445520,McClaughry
http://www.wikidata.org/entity/Q6421889,Kneebone
http://www.wikidata.org/entity/Q37498455,Delisser
http://www.wikidata.org/entity/Q37572709,Hooley
http://www.wikidata.org/entity/Q37570301,Perfect
http://www.wikidata.org/entity/Q37463821,Towner
http://www.wikidata.org/entity/Q5881452,Hollingshead
http://www.wikidata.org/entity/Q1397056,Farquhar
http://www.wikidata.org/entity/Q72103618,Nimmervoll
http://www.wikidata.org/entity/Q21488816,Gertler
http://www.wikidata.org/entity/Q140355815,Halmagyi
http://www.wikidata.org/entity/Q16839807,Goldstein
http://www.wikidata.org/entity/Q56245365,Corbet
http://www.wikidata.org/entity/Q124565637,Gaha
http://www.wikidata.org/entity/Q7577700,Spira
http://www.wikidata.org/entity/Q21506850,Cranston
http://www.wikidata.org/entity/Q27972982,Delprat
http://www.wikidata.org/entity/Q21509050,Brahimi
http://www.wikidata.org/entity/Q21449047,Lupton
http://www.wikidata.org/entity/Q21407309,Buhrich
http://www.wikidata.org/entity/Q29440676,Ernesaks
http://www.wikidata.org/entity/Q37014847,Platz
http://www.wikidata.org/entity/Q29957784,Worland
http://www.wikidata.org/entity/Q37023100,Parke
http://www.wikidata.org/entity/Q37149064,Sandhu
http://www.wikidata.org/entity/Q21487779,Niese
http://www.wikidata.org/entity/Q1683528,Perren
http://www.wikidata.org/entity/Q12791001,Hinton
http://www.wikidata.org/entity/Q37317613,Dalzell
http://www.wikidata.org/entity/Q1531980,Maitland
http://www.wikidata.org/entity/Q37436772,Westaway
http://www.wikidata.org/entity/Q5241597,Davidge
http://www.wikidata.org/entity/Q37241005,Arkins
http://www.wikidata.org/entity/Q21492958,Conran
http://www.wikidata.org/entity/Q5516902,Gahan
http://www.wikidata.org/entity/Q6177536,Jenkin
http://www.wikidata.org/entity/Q37567568,Smallman
http://www.wikidata.org/entity/Q21494035,Steedman
http://www.wikidata.org/entity/Q37549103,Percival
http://www.wikidata.org/entity/Q37554805,Curtain
http://www.wikidata.org/entity/Q16799546,Oldmeadow
http://www.wikidata.org/entity/Q21507736,Pyle
http://www.wikidata.org/entity/Q25114548,Stuckey
http://www.wikidata.org/entity/Q37569175,Vanderjagt
http://www.wikidata.org/entity/Q16282683,Wyndham
http://www.wikidata.org/entity/Q95966019,Weindorfer
http://www.wikidata.org/entity/Q63956068,Mackey
http://www.wikidata.org/entity/Q26736516,Leslie
http://www.wikidata.org/entity/Q50366433,Rowell
http://www.wikidata.org/entity/Q420601,Bowles
http://www.wikidata.org/entity/Q16860404,Brereton
http://www.wikidata.org/entity/Q16869949,Firth
http://www.wikidata.org/entity/Q16479600,Barrow
http://www.wikidata.org/entity/Q573375,Schreiber
http://www.wikidata.org/entity/Q16883623,Southwell
http://www.wikidata.org/entity/Q6536183,Lewington
http://www.wikidata.org/entity/Q16479883,Baylor
http://www.wikidata.org/entity/Q7855992,Turney
http://www.wikidata.org/entity/Q37012962,Clementi
http://www.wikidata.org/entity/Q36972096,Akıl
http://www.wikidata.org/entity/Q4919447,Bizzell
http://www.wikidata.org/entity/Q37260154,Sizer
http://www.wikidata.org/entity/Q37103803,Roberton
http://www.wikidata.org/entity/Q16870025,Freudenberg
http://www.wikidata.org/entity/Q6803504,Meakin
http://www.wikidata.org/entity/Q37317053,Dowe
http://www.wikidata.org/entity/Q37435386,Primrose
http://www.wikidata.org/entity/Q37474660,Saddler
http://www.wikidata.org/entity/Q12784475,Amos
http://www.wikidata.org/entity/Q16881121,Perkin
http://www.wikidata.org/entity/Q17516352,Frei
http://www.wikidata.org/entity/Q37504802,Sawrey
http://www.wikidata.org/entity/Q37533829,Rosenow
http://www.wikidata.org/entity/Q19829411,Pegg
http://www.wikidata.org/entity/Q21450455,Schuler
http://www.wikidata.org/entity/Q56244628,Lavater
http://www.wikidata.org/entity/Q50580715,De Garis
http://www.wikidata.org/entity/Q21491802,Pavlidis
http://www.wikidata.org/entity/Q106121773,Solling
http://www.wikidata.org/entity/Q21449779,Sturges
http://www.wikidata.org/entity/Q21504805,Parkin
http://www.wikidata.org/entity/Q21492838,Turley
http://www.wikidata.org/entity/Q106690019,Duinker
http://www.wikidata.org/entity/Q110222145,Alpen
http://www.wikidata.org/entity/Q26906277,Andreas
http://www.wikidata.org/entity/Q911493,Shen
http://www.wikidata.org/entity/Q21491382,Giffard
http://www.wikidata.org/entity/Q21509259,Oakman
http://www.wikidata.org/entity/Q16870735,Heron
http://www.wikidata.org/entity/Q16870478,Handley
http://www.wikidata.org/entity/Q20727165,Timmins
http://www.wikidata.org/entity/Q21502197,Pizzey
http://www.wikidata.org/entity/Q36997465,Lassetter
http://www.wikidata.org/entity/Q28750642,Brus
http://www.wikidata.org/entity/Q21508426,Pearman
http://www.wikidata.org/entity/Q21504541,Annesley
http://www.wikidata.org/entity/Q21449637,McKellar
http://www.wikidata.org/entity/Q24085251,Johncock
http://www.wikidata.org/entity/Q37118558,Beitzel
http://www.wikidata.org/entity/Q36872123,Weideman
http://www.wikidata.org/entity/Q37023399,Gilles
http://www.wikidata.org/entity/Q37536772,Kadwell
http://www.wikidata.org/entity/Q28420982,Olling
http://www.wikidata.org/entity/Q21452625,McCool
http://www.wikidata.org/entity/Q37124880,Kinniburgh
http://www.wikidata.org/entity/Q37552885,Donnan
http://www.wikidata.org/entity/Q37440732,Hamalainen
http://www.wikidata.org/entity/Q5455631,Fitzhenry
http://www.wikidata.org/entity/Q37573963,Recher
http://www.wikidata.org/entity/Q35000032,Bidstrup
http://www.wikidata.org/entity/Q7621647,Strangways
http://www.wikidata.org/entity/Q2663861,Brunner
http://www.wikidata.org/entity/Q5561532,Gildea
http://www.wikidata.org/entity/Q37176843,Rummans
http://www.wikidata.org/entity/Q6801603,McInally
http://www.wikidata.org/entity/Q6455708,L'Estrange
http://www.wikidata.org/entity/Q4865957,Barwell
http://www.wikidata.org/entity/Q37289587,Ingerson
http://www.wikidata.org/entity/Q37215477,Dunscombe
http://www.wikidata.org/entity/Q37515710,Perrett
http://www.wikidata.org/entity/Q37261269,Oppy
http://www.wikidata.org/entity/Q48040716,Thorby
http://www.wikidata.org/entity/Q10658230,Rye
http://www.wikidata.org/entity/Q97672246,De Vercelli
http://www.wikidata.org/entity/Q12788971,Foot
http://www.wikidata.org/entity/Q56650843,Aveling
http://www.wikidata.org/entity/Q67813875,Dockrill
